Cities,Impersonation,Fondling,Pornography/Obscene Material,All Other Larceny,Theft of Motor Vehicle Parts or Accessories,Theft From Motor Vehicle,Simple Assault,Burglary/Breaking & Entering,Destruction/Damage/Vandalism of Property,Intimidation,Wire Fraud,Aggravated Assault,Drug/Narcotic Violations,Shoplifting,Weapon Law Violations,Motor Vehicle Theft,False Pretenses/Swindle/Confidence Game,Credit Card/Automated Teller Machine Fraud,Stolen Property Offenses,Statutory Rape,Theft From Building,Sodomy,Embezzlement,Counterfeiting/Forgery,Robbery,Drug Equipment Violations,Identity Theft,Rape,Kidnapping/Abduction,Sexual Assault With An Object,Murder and Nonnegligent Manslaughter,Animal Cruelty,Arson,Purchasing Prostitution,Extortion/Blackmail,Pocket-picking,Purse-snatching,Hacking/Computer Invasion,"Human Trafficking, Commercial Sex Acts",Assisting or Promoting Prostitution,Incest,Prostitution,Bribery,"Human Trafficking, Involuntary Servitude",Operating/Promoting/Assisting Gambling,Welfare Fraud,Negligent Manslaughter,Theft From Coin-Operated Machine or Device,Gambling Equipment Violation,Betting/Wagering,Total
BARNSTABLE,17.0,22.0,8.0,97.0,13.0,58.0,262.0,88.0,202.0,73.0,10.0,122.0,151.0,115.0,50.0,15.0,52.0,39.0,9.0,3.0,86.0,6.0,8.0,12.0,8.0,1.0,14.0,12.0,4.0,2.0,1.0,1.0,3.0,1.0,4.0,1.0,0.0,0.0,0.0,0.0,0.0,0.0,0.0,0.0,0.0,0.0,0.0,0.0,0.0,0.0,1570.0
BOURNE,22.0,8.0,3.0,100.0,0.0,17.0,130.0,101.0,134.0,45.0,0.0,37.0,37.0,35.0,6.0,10.0,49.0,7.0,11.0,0.0,16.0,0.0,4.0,17.0,1.0,0.0,1.0,5.0,1.0,0.0,0.0,0.0,0.0,0.0,0.0,2.0,3.0,0.0,0.0,0.0,0.0,0.0,0.0,0.0,0.0,0.0,0.0,0.0,0.0,0.0,802.0
BREWSTER,7.0,5.0,1.0,35.0,0.0,6.0,53.0,11.0,33.0,9.0,0.0,16.0,6.0,0.0,3.0,3.0,11.0,3.0,1.0,5.0,16.0,4.0,0.0,2.0,0.0,0.0,0.0,4.0,0.0,0.0,0.0,0.0,2.0,0.0,0.0,3.0,1.0,0.0,0.0,0.0,0.0,0.0,0.0,0.0,0.0,0.0,0.0,0.0,0.0,0.0,240.0
CHATHAM,1.0,0.0,0.0,37.0,0.0,2.0,19.0,10.0,31.0,5.0,0.0,6.0,2.0,5.0,1.0,2.0,16.0,2.0,0.0,0.0,5.0,0.0,0.0,4.0,1.0,0.0,0.0,1.0,0.0,0.0,0.0,0.0,0.0,0.0,0.0,0.0,0.0,0.0,0.0,0.0,0.0,0.0,0.0,0.0,0.0,0.0,0.0,0.0,0.0,0.0,150.0
DENNIS,9.0,5.0,1.0,99.0,0.0,30.0,95.0,57.0,66.0,15.0,1.0,43.0,21.0,26.0,10.0,12.0,36.0,9.0,2.0,0.0,37.0,1.0,1.0,11.0,1.0,0.0,2.0,6.0,2.0,0.0,0.0,0.0,0.0,0.0,1.0,4.0,1.0,1.0,1.0,1.0,3.0,0.0,0.0,0.0,0.0,0.0,0.0,0.0,0.0,0.0,610.0
EASTHAM,5.0,1.0,2.0,44.0,0.0,11.0,10.0,8.0,13.0,5.0,0.0,6.0,8.0,1.0,2.0,1.0,13.0,3.0,0.0,2.0,7.0,0.0,0.0,3.0,1.0,0.0,1.0,3.0,0.0,0.0,0.0,0.0,0.0,0.0,2.0,0.0,0.0,1.0,0.0,0.0,0.0,0.0,0.0,0.0,0.0,0.0,0.0,0.0,0.0,0.0,153.0
FALMOUTH,53.0,14.0,10.0,128.0,0.0,4.0,198.0,99.0,177.0,105.0,0.0,79.0,85.0,38.0,15.0,20.0,69.0,4.0,13.0,2.0,39.0,0.0,8.0,20.0,4.0,0.0,0.0,22.0,7.0,0.0,0.0,0.0,0.0,0.0,1.0,4.0,7.0,0.0,0.0,2.0,1.0,4.0,0.0,0.0,0.0,0.0,0.0,0.0,0.0,0.0,1232.0
HARWICH,15.0,3.0,0.0,74.0,0.0,1.0,44.0,34.0,48.0,8.0,1.0,16.0,7.0,14.0,5.0,3.0,23.0,3.0,0.0,2.0,7.0,0.0,0.0,7.0,2.0,0.0,0.0,4.0,0.0,0.0,0.0,0.0,0.0,0.0,0.0,0.0,0.0,0.0,0.0,0.0,0.0,0.0,0.0,0.0,0.0,0.0,0.0,0.0,0.0,0.0,321.0
MASHPEE,13.0,3.0,1.0,73.0,0.0,11.0,53.0,13.0,76.0,29.0,0.0,38.0,31.0,32.0,6.0,3.0,25.0,7.0,3.0,4.0,11.0,0.0,6.0,6.0,2.0,0.0,0.0,7.0,1.0,0.0,0.0,0.0,0.0,0.0,1.0,2.0,0.0,0.0,0.0,0.0,2.0,0.0,0.0,0.0,0.0,0.0,0.0,0.0,0.0,0.0,459.0
ORLEANS,6.0,0.0,1.0,47.0,0.0,1.0,14.0,3.0,15.0,10.0,0.0,6.0,4.0,14.0,2.0,0.0,11.0,0.0,0.0,6.0,7.0,0.0,0.0,4.0,1.0,0.0,0.0,0.0,0.0,0.0,0.0,0.0,0.0,0.0,0.0,0.0,1.0,0.0,0.0,1.0,0.0,1.0,0.0,0.0,0.0,0.0,0.0,0.0,0.0,0.0,155.0
PROVINCETOWN,2.0,2.0,1.0,58.0,0.0,3.0,46.0,16.0,50.0,9.0,0.0,10.0,11.0,12.0,0.0,2.0,18.0,3.0,2.0,0.0,3.0,3.0,1.0,4.0,0.0,0.0,0.0,1.0,0.0,0.0,0.0,0.0,0.0,0.0,0.0,2.0,1.0,0.0,0.0,0.0,0.0,0.0,0.0,0.0,0.0,0.0,0.0,0.0,0.0,0.0,260.0
SANDWICH,28.0,2.0,0.0,42.0,0.0,17.0,69.0,17.0,101.0,20.0,0.0,11.0,29.0,8.0,3.0,4.0,15.0,1.0,5.0,6.0,14.0,1.0,1.0,2.0,1.0,0.0,0.0,9.0,1.0,0.0,0.0,0.0,1.0,0.0,0.0,3.0,0.0,0.0,0.0,0.0,0.0,0.0,0.0,0.0,0.0,0.0,0.0,0.0,0.0,0.0,411.0
TRURO,1.0,0.0,0.0,7.0,0.0,3.0,12.0,6.0,8.0,3.0,0.0,5.0,1.0,0.0,1.0,1.0,7.0,0.0,1.0,0.0,2.0,0.0,0.0,1.0,0.0,0.0,1.0,0.0,0.0,0.0,0.0,0.0,0.0,0.0,0.0,0.0,0.0,0.0,0.0,0.0,0.0,0.0,0.0,0.0,0.0,0.0,0.0,0.0,0.0,0.0,60.0
YARMOUTH,15.0,2.0,3.0,127.0,0.0,66.0,165.0,50.0,101.0,31.0,0.0,68.0,64.0,30.0,14.0,17.0,28.0,13.0,6.0,6.0,35.0,2.0,3.0,12.0,7.0,0.0,0.0,9.0,2.0,0.0,1.0,0.0,5.0,0.0,0.0,1.0,1.0,0.0,0.0,0.0,0.0,3.0,0.0,0.0,0.0,0.0,0.0,0.0,0.0,0.0,887.0
ADAMS,1.0,2.0,4.0,35.0,3.0,10.0,38.0,32.0,60.0,5.0,0.0,17.0,12.0,3.0,2.0,4.0,15.0,2.0,5.0,7.0,12.0,1.0,1.0,6.0,2.0,0.0,0.0,0.0,1.0,0.0,1.0,0.0,1.0,0.0,0.0,0.0,0.0,0.0,0.0,0.0,1.0,0.0,0.0,0.0,0.0,0.0,0.0,0.0,0.0,0.0,283.0
CHESHIRE,1.0,0.0,0.0,1.0,0.0,1.0,4.0,1.0,2.0,0.0,0.0,0.0,2.0,2.0,0.0,1.0,0.0,0.0,1.0,0.0,1.0,0.0,0.0,2.0,0.0,0.0,0.0,1.0,0.0,0.0,0.0,0.0,0.0,0.0,0.0,0.0,0.0,0.0,0.0,0.0,0.0,0.0,0.0,0.0,0.0,0.0,0.0,0.0,0.0,0.0,20.0
LEE,3.0,2.0,1.0,22.0,0.0,8.0,26.0,15.0,23.0,9.0,0.0,11.0,2.0,27.0,4.0,1.0,3.0,2.0,0.0,1.0,14.0,0.0,2.0,2.0,2.0,0.0,0.0,2.0,0.0,0.0,0.0,0.0,0.0,0.0,0.0,3.0,1.0,0.0,0.0,0.0,0.0,0.0,0.0,0.0,0.0,0.0,0.0,0.0,0.0,0.0,186.0
LENOX,3.0,0.0,1.0,42.0,2.0,2.0,11.0,8.0,17.0,2.0,1.0,5.0,3.0,19.0,1.0,0.0,2.0,0.0,0.0,2.0,5.0,0.0,1.0,4.0,0.0,0.0,0.0,5.0,0.0,0.0,0.0,0.0,0.0,0.0,0.0,1.0,1.0,0.0,0.0,0.0,0.0,0.0,0.0,0.0,0.0,0.0,0.0,0.0,0.0,0.0,138.0
NORTH ADAMS,3.0,1.0,9.0,122.0,0.0,2.0,167.0,112.0,146.0,52.0,0.0,81.0,88.0,117.0,17.0,21.0,36.0,12.0,14.0,11.0,59.0,1.0,1.0,23.0,7.0,0.0,0.0,2.0,0.0,0.0,1.0,1.0,1.0,0.0,1.0,1.0,0.0,0.0,0.0,0.0,0.0,2.0,0.0,0.0,0.0,0.0,0.0,0.0,0.0,0.0,1111.0
PITTSFIELD,26.0,17.0,15.0,287.0,8.0,151.0,479.0,478.0,399.0,78.0,0.0,247.0,101.0,131.0,70.0,73.0,118.0,6.0,42.0,17.0,108.0,8.0,11.0,43.0,34.0,0.0,0.0,32.0,6.0,0.0,3.0,0.0,13.0,0.0,0.0,13.0,5.0,0.0,0.0,0.0,1.0,0.0,0.0,0.0,0.0,0.0,0.0,0.0,0.0,0.0,3020.0
STOCKBRIDGE,2.0,0.0,0.0,12.0,0.0,7.0,7.0,5.0,17.0,5.0,0.0,2.0,2.0,2.0,2.0,1.0,7.0,1.0,1.0,0.0,1.0,0.0,1.0,3.0,0.0,0.0,0.0,1.0,2.0,0.0,0.0,0.0,0.0,0.0,0.0,0.0,0.0,0.0,0.0,0.0,0.0,0.0,0.0,0.0,0.0,0.0,0.0,0.0,0.0,0.0,81.0
WILLIAMSTOWN,1.0,0.0,2.0,65.0,0.0,0.0,14.0,4.0,15.0,7.0,0.0,2.0,8.0,3.0,0.0,0.0,7.0,1.0,2.0,1.0,7.0,0.0,1.0,5.0,1.0,0.0,0.0,2.0,0.0,0.0,0.0,0.0,0.0,0.0,0.0,0.0,0.0,1.0,0.0,0.0,0.0,0.0,0.0,0.0,0.0,0.0,0.0,0.0,0.0,0.0,149.0
ACUSHNET,8.0,1.0,3.0,29.0,0.0,13.0,19.0,21.0,46.0,13.0,0.0,13.0,9.0,0.0,3.0,7.0,6.0,4.0,3.0,1.0,4.0,1.0,0.0,2.0,1.0,0.0,0.0,4.0,0.0,0.0,0.0,0.0,0.0,0.0,0.0,0.0,1.0,0.0,0.0,0.0,1.0,0.0,0.0,0.0,0.0,0.0,0.0,0.0,0.0,0.0,213.0
ATTLEBORO,49.0,31.0,11.0,67.0,48.0,103.0,291.0,75.0,205.0,69.0,48.0,64.0,89.0,113.0,25.0,27.0,66.0,28.0,25.0,4.0,127.0,6.0,11.0,39.0,8.0,7.0,10.0,15.0,2.0,2.0,0.0,1.0,4.0,6.0,11.0,3.0,0.0,1.0,0.0,0.0,0.0,2.0,0.0,0.0,0.0,0.0,0.0,0.0,0.0,0.0,1693.0
BERKLEY,4.0,0.0,0.0,4.0,0.0,1.0,12.0,6.0,8.0,3.0,0.0,6.0,3.0,0.0,2.0,5.0,4.0,4.0,1.0,0.0,4.0,0.0,0.0,1.0,0.0,0.0,0.0,0.0,0.0,0.0,0.0,0.0,0.0,0.0,0.0,0.0,1.0,0.0,0.0,0.0,0.0,0.0,0.0,0.0,0.0,0.0,0.0,0.0,0.0,0.0,69.0
DARTMOUTH,39.0,1.0,2.0,167.0,15.0,44.0,162.0,55.0,167.0,87.0,0.0,42.0,52.0,155.0,6.0,28.0,74.0,11.0,14.0,8.0,34.0,2.0,8.0,12.0,5.0,0.0,2.0,10.0,2.0,0.0,2.0,4.0,1.0,0.0,3.0,1.0,4.0,0.0,1.0,0.0,4.0,1.0,0.0,0.0,0.0,0.0,0.0,0.0,0.0,0.0,1225.0
EASTON,35.0,1.0,4.0,54.0,4.0,45.0,56.0,27.0,55.0,9.0,0.0,26.0,17.0,25.0,9.0,11.0,25.0,0.0,5.0,11.0,11.0,1.0,2.0,10.0,3.0,0.0,3.0,13.0,0.0,0.0,0.0,0.0,0.0,0.0,0.0,1.0,3.0,0.0,0.0,0.0,2.0,0.0,0.0,0.0,0.0,0.0,0.0,0.0,0.0,0.0,468.0
FAIRHAVEN,15.0,1.0,2.0,110.0,0.0,49.0,101.0,53.0,128.0,87.0,0.0,40.0,29.0,64.0,5.0,13.0,31.0,6.0,10.0,6.0,33.0,2.0,1.0,9.0,2.0,0.0,0.0,6.0,2.0,0.0,0.0,3.0,2.0,0.0,1.0,2.0,1.0,0.0,0.0,0.0,1.0,0.0,0.0,1.0,0.0,0.0,0.0,0.0,0.0,0.0,816.0
FALL RIVER,97.0,68.0,15.0,277.0,5.0,239.0,1060.0,400.0,596.0,181.0,1.0,630.0,255.0,213.0,94.0,217.0,146.0,11.0,57.0,18.0,161.0,4.0,4.0,65.0,121.0,1.0,0.0,70.0,42.0,0.0,1.0,0.0,20.0,0.0,5.0,19.0,11.0,0.0,0.0,3.0,1.0,40.0,0.0,0.0,4.0,0.0,0.0,0.0,0.0,0.0,5152.0
FREETOWN,14.0,4.0,3.0,32.0,4.0,7.0,49.0,10.0,34.0,13.0,0.0,18.0,8.0,2.0,5.0,9.0,5.0,3.0,1.0,1.0,9.0,0.0,1.0,3.0,1.0,0.0,0.0,4.0,0.0,0.0,0.0,0.0,1.0,0.0,0.0,1.0,0.0,0.0,1.0,0.0,1.0,1.0,0.0,0.0,0.0,0.0,0.0,0.0,0.0,0.0,245.0
MANSFIELD,32.0,3.0,2.0,97.0,0.0,26.0,139.0,35.0,71.0,22.0,0.0,24.0,23.0,25.0,5.0,11.0,48.0,15.0,7.0,9.0,27.0,0.0,3.0,17.0,1.0,0.0,2.0,6.0,0.0,0.0,0.0,1.0,0.0,0.0,1.0,0.0,0.0,0.0,0.0,1.0,0.0,1.0,0.0,0.0,0.0,0.0,0.0,0.0,0.0,0.0,654.0
NEW BEDFORD,150.0,75.0,21.0,795.0,141.0,369.0,1793.0,488.0,1079.0,611.0,0.0,335.0,433.0,348.0,146.0,181.0,314.0,21.0,133.0,7.0,150.0,1.0,0.0,88.0,165.0,0.0,4.0,45.0,22.0,0.0,3.0,1.0,19.0,0.0,5.0,4.0,6.0,1.0,0.0,2.0,0.0,42.0,0.0,0.0,0.0,2.0,0.0,0.0,0.0,0.0,8000.0
RAYNHAM,2.0,2.0,1.0,57.0,0.0,18.0,21.0,20.0,26.0,16.0,1.0,24.0,17.0,128.0,2.0,15.0,45.0,7.0,5.0,0.0,9.0,1.0,7.0,16.0,1.0,0.0,0.0,0.0,1.0,0.0,0.0,0.0,0.0,0.0,1.0,3.0,0.0,0.0,0.0,0.0,0.0,0.0,0.0,0.0,0.0,0.0,0.0,0.0,0.0,0.0,446.0
REHOBOTH,33.0,0.0,0.0,46.0,1.0,31.0,22.0,14.0,32.0,16.0,0.0,7.0,5.0,1.0,2.0,7.0,12.0,6.0,6.0,4.0,5.0,0.0,0.0,4.0,0.0,0.0,5.0,0.0,0.0,0.0,0.0,0.0,0.0,0.0,0.0,0.0,0.0,0.0,0.0,0.0,0.0,0.0,1.0,0.0,0.0,0.0,0.0,0.0,0.0,0.0,260.0
SEEKONK,13.0,0.0,2.0,140.0,0.0,11.0,42.0,19.0,83.0,11.0,0.0,18.0,57.0,74.0,10.0,17.0,22.0,18.0,13.0,2.0,17.0,0.0,1.0,20.0,3.0,0.0,1.0,2.0,3.0,0.0,0.0,0.0,0.0,0.0,0.0,0.0,2.0,0.0,0.0,0.0,0.0,2.0,0.0,1.0,0.0,0.0,0.0,0.0,0.0,0.0,604.0
SOMERSET,13.0,2.0,3.0,52.0,0.0,31.0,76.0,15.0,73.0,37.0,0.0,27.0,31.0,28.0,11.0,11.0,31.0,4.0,11.0,8.0,41.0,1.0,1.0,11.0,1.0,0.0,0.0,6.0,0.0,0.0,1.0,0.0,1.0,0.0,1.0,0.0,0.0,0.0,0.0,0.0,0.0,0.0,0.0,0.0,0.0,0.0,0.0,0.0,0.0,0.0,528.0
SWANSEA,10.0,1.0,2.0,53.0,1.0,20.0,54.0,20.0,58.0,30.0,0.0,23.0,12.0,59.0,7.0,15.0,32.0,11.0,5.0,2.0,29.0,0.0,0.0,5.0,4.0,1.0,0.0,1.0,0.0,0.0,0.0,1.0,0.0,0.0,0.0,1.0,0.0,0.0,0.0,0.0,0.0,0.0,0.0,0.0,0.0,0.0,0.0,0.0,0.0,0.0,457.0
TAUNTON,8.0,9.0,4.0,131.0,0.0,31.0,243.0,89.0,143.0,42.0,0.0,170.0,165.0,51.0,29.0,25.0,28.0,4.0,25.0,11.0,43.0,7.0,0.0,19.0,35.0,0.0,0.0,13.0,3.0,0.0,0.0,0.0,3.0,0.0,1.0,4.0,5.0,0.0,0.0,0.0,1.0,3.0,0.0,0.0,0.0,0.0,0.0,0.0,0.0,0.0,1345.0
WESTPORT,16.0,0.0,1.0,50.0,5.0,22.0,47.0,42.0,61.0,16.0,0.0,19.0,16.0,5.0,4.0,7.0,19.0,3.0,8.0,4.0,7.0,1.0,1.0,4.0,2.0,0.0,4.0,6.0,1.0,0.0,0.0,0.0,1.0,0.0,0.0,1.0,1.0,0.0,0.0,0.0,1.0,0.0,0.0,0.0,0.0,0.0,0.0,0.0,0.0,0.0,375.0
AMESBURY,12.0,0.0,7.0,72.0,0.0,16.0,60.0,19.0,76.0,16.0,0.0,21.0,24.0,9.0,3.0,8.0,20.0,6.0,8.0,10.0,23.0,1.0,0.0,10.0,2.0,0.0,0.0,6.0,1.0,0.0,0.0,0.0,1.0,0.0,0.0,2.0,2.0,0.0,0.0,1.0,0.0,2.0,1.0,0.0,0.0,0.0,0.0,0.0,0.0,0.0,439.0
BEVERLY,23.0,1.0,2.0,125.0,4.0,41.0,24.0,25.0,101.0,27.0,15.0,30.0,15.0,13.0,0.0,11.0,18.0,25.0,0.0,1.0,30.0,0.0,0.0,4.0,3.0,8.0,0.0,3.0,0.0,0.0,0.0,0.0,0.0,0.0,3.0,0.0,1.0,0.0,0.0,0.0,0.0,1.0,0.0,0.0,0.0,0.0,0.0,0.0,0.0,0.0,554.0
DANVERS,19.0,7.0,3.0,35.0,10.0,49.0,151.0,54.0,96.0,47.0,3.0,35.0,21.0,208.0,7.0,16.0,44.0,46.0,4.0,1.0,46.0,0.0,13.0,18.0,6.0,0.0,0.0,5.0,0.0,0.0,0.0,0.0,2.0,0.0,1.0,5.0,0.0,0.0,0.0,0.0,0.0,1.0,0.0,0.0,0.0,2.0,0.0,0.0,0.0,0.0,955.0
GEORGETOWN,8.0,1.0,2.0,21.0,0.0,3.0,17.0,8.0,21.0,3.0,0.0,2.0,7.0,1.0,2.0,1.0,10.0,7.0,0.0,0.0,11.0,0.0,0.0,7.0,0.0,0.0,1.0,0.0,0.0,0.0,0.0,0.0,3.0,0.0,0.0,0.0,0.0,0.0,0.0,0.0,0.0,0.0,0.0,0.0,0.0,0.0,0.0,0.0,0.0,0.0,136.0
GLOUCESTER,16.0,6.0,1.0,77.0,0.0,18.0,150.0,26.0,112.0,35.0,0.0,57.0,61.0,30.0,5.0,15.0,31.0,19.0,7.0,2.0,44.0,0.0,6.0,18.0,3.0,0.0,0.0,8.0,2.0,0.0,0.0,0.0,2.0,0.0,0.0,2.0,1.0,0.0,0.0,0.0,0.0,0.0,0.0,0.0,0.0,0.0,0.0,0.0,0.0,0.0,754.0
GROVELAND,1.0,0.0,0.0,4.0,0.0,8.0,5.0,2.0,11.0,1.0,0.0,0.0,0.0,0.0,1.0,3.0,3.0,3.0,0.0,0.0,1.0,0.0,0.0,0.0,0.0,0.0,0.0,0.0,0.0,0.0,0.0,0.0,0.0,0.0,0.0,0.0,0.0,0.0,0.0,0.0,0.0,0.0,0.0,0.0,0.0,0.0,0.0,0.0,0.0,0.0,43.0
HAMILTON,9.0,0.0,1.0,7.0,0.0,0.0,4.0,7.0,18.0,2.0,0.0,2.0,2.0,1.0,0.0,1.0,15.0,1.0,2.0,1.0,11.0,0.0,1.0,1.0,0.0,0.0,0.0,0.0,0.0,0.0,0.0,0.0,0.0,0.0,0.0,0.0,0.0,0.0,0.0,0.0,0.0,0.0,0.0,0.0,0.0,0.0,0.0,0.0,0.0,0.0,86.0
HAVERHILL,1.0,1.0,8.0,434.0,5.0,137.0,529.0,176.0,391.0,172.0,0.0,256.0,190.0,88.0,67.0,97.0,103.0,39.0,0.0,1.0,29.0,0.0,0.0,37.0,32.0,0.0,0.0,18.0,9.0,0.0,2.0,0.0,3.0,0.0,5.0,8.0,0.0,0.0,0.0,0.0,0.0,0.0,0.0,0.0,0.0,0.0,0.0,0.0,0.0,0.0,2838.0
IPSWICH,8.0,0.0,1.0,34.0,0.0,14.0,27.0,13.0,23.0,11.0,0.0,12.0,3.0,1.0,4.0,2.0,11.0,4.0,2.0,0.0,8.0,1.0,1.0,2.0,0.0,0.0,1.0,0.0,0.0,0.0,0.0,0.0,1.0,0.0,0.0,2.0,1.0,0.0,0.0,0.0,0.0,0.0,0.0,0.0,0.0,0.0,0.0,0.0,0.0,0.0,187.0
LYNN,42.0,47.0,7.0,584.0,9.0,208.0,702.0,191.0,657.0,88.0,0.0,346.0,157.0,101.0,71.0,220.0,113.0,53.0,1.0,9.0,43.0,0.0,0.0,38.0,141.0,0.0,0.0,48.0,12.0,0.0,3.0,0.0,5.0,0.0,1.0,40.0,2.0,0.0,0.0,0.0,0.0,6.0,0.0,0.0,0.0,0.0,0.0,0.0,0.0,0.0,3945.0
LYNNFIELD,19.0,0.0,0.0,48.0,0.0,17.0,21.0,4.0,23.0,9.0,0.0,2.0,4.0,13.0,1.0,3.0,17.0,9.0,3.0,1.0,7.0,0.0,1.0,2.0,1.0,0.0,0.0,1.0,0.0,0.0,0.0,0.0,1.0,0.0,0.0,1.0,2.0,0.0,0.0,0.0,0.0,0.0,0.0,0.0,0.0,0.0,0.0,0.0,0.0,0.0,210.0
MANCHESTER,1.0,0.0,0.0,5.0,0.0,1.0,2.0,2.0,17.0,1.0,3.0,2.0,4.0,0.0,1.0,1.0,0.0,4.0,2.0,0.0,2.0,0.0,0.0,0.0,2.0,0.0,0.0,2.0,0.0,0.0,0.0,0.0,0.0,0.0,0.0,0.0,0.0,0.0,0.0,0.0,0.0,0.0,0.0,0.0,0.0,0.0,0.0,0.0,0.0,0.0,52.0
MERRIMAC,3.0,1.0,1.0,8.0,0.0,2.0,19.0,10.0,8.0,5.0,0.0,1.0,6.0,0.0,2.0,2.0,5.0,2.0,3.0,0.0,4.0,0.0,0.0,2.0,1.0,0.0,0.0,2.0,0.0,0.0,0.0,0.0,0.0,0.0,1.0,0.0,0.0,0.0,0.0,0.0,0.0,0.0,0.0,0.0,0.0,0.0,0.0,0.0,0.0,0.0,88.0
METHUEN,28.0,1.0,1.0,134.0,14.0,64.0,64.0,52.0,168.0,37.0,1.0,27.0,150.0,174.0,1.0,50.0,60.0,102.0,1.0,0.0,2.0,0.0,0.0,8.0,10.0,2.0,1.0,1.0,0.0,1.0,0.0,0.0,1.0,0.0,0.0,0.0,1.0,0.0,0.0,0.0,0.0,0.0,0.0,0.0,0.0,0.0,0.0,0.0,0.0,0.0,1156.0
NEWBURY,10.0,0.0,4.0,12.0,0.0,0.0,18.0,7.0,14.0,10.0,0.0,5.0,5.0,0.0,5.0,2.0,10.0,2.0,1.0,1.0,6.0,0.0,0.0,1.0,0.0,0.0,0.0,3.0,0.0,0.0,0.0,0.0,0.0,0.0,2.0,1.0,0.0,1.0,0.0,0.0,0.0,0.0,0.0,0.0,0.0,0.0,0.0,0.0,0.0,0.0,120.0
NEWBURYPORT,24.0,1.0,4.0,52.0,0.0,14.0,38.0,10.0,56.0,29.0,0.0,9.0,20.0,20.0,3.0,7.0,36.0,13.0,4.0,3.0,24.0,3.0,1.0,3.0,0.0,0.0,1.0,5.0,1.0,0.0,0.0,0.0,0.0,0.0,0.0,1.0,0.0,0.0,0.0,0.0,1.0,1.0,0.0,0.0,0.0,0.0,0.0,0.0,0.0,0.0,384.0
NORTH ANDOVER,18.0,7.0,1.0,49.0,1.0,8.0,36.0,11.0,27.0,20.0,0.0,20.0,34.0,70.0,4.0,11.0,21.0,3.0,4.0,3.0,21.0,2.0,0.0,10.0,2.0,0.0,1.0,7.0,0.0,0.0,1.0,0.0,3.0,0.0,0.0,1.0,1.0,0.0,0.0,0.0,0.0,0.0,0.0,0.0,0.0,0.0,0.0,0.0,0.0,0.0,397.0
PEABODY,45.0,5.0,1.0,217.0,0.0,94.0,190.0,95.0,228.0,50.0,0.0,120.0,85.0,67.0,11.0,38.0,68.0,39.0,12.0,1.0,39.0,7.0,18.0,24.0,11.0,1.0,0.0,8.0,4.0,0.0,0.0,0.0,0.0,0.0,2.0,7.0,4.0,0.0,0.0,0.0,0.0,0.0,0.0,0.0,0.0,0.0,0.0,0.0,0.0,0.0,1491.0
ROWLEY,1.0,3.0,3.0,14.0,0.0,0.0,9.0,6.0,5.0,3.0,0.0,7.0,2.0,3.0,2.0,2.0,3.0,1.0,1.0,0.0,3.0,0.0,1.0,4.0,0.0,0.0,3.0,1.0,0.0,0.0,0.0,0.0,0.0,0.0,0.0,1.0,0.0,0.0,0.0,0.0,1.0,1.0,0.0,0.0,0.0,0.0,0.0,0.0,0.0,0.0,80.0
SALEM,3.0,12.0,1.0,343.0,12.0,107.0,397.0,98.0,361.0,182.0,10.0,49.0,115.0,166.0,20.0,40.0,109.0,55.0,12.0,0.0,75.0,0.0,0.0,15.0,22.0,8.0,47.0,5.0,6.0,0.0,0.0,3.0,0.0,0.0,0.0,1.0,0.0,1.0,0.0,0.0,0.0,0.0,0.0,0.0,0.0,0.0,0.0,0.0,0.0,0.0,2275.0
SALISBURY,14.0,0.0,1.0,34.0,0.0,16.0,73.0,16.0,50.0,18.0,0.0,16.0,29.0,0.0,5.0,20.0,22.0,4.0,6.0,4.0,13.0,1.0,2.0,13.0,0.0,0.0,0.0,2.0,1.0,0.0,0.0,0.0,1.0,0.0,0.0,0.0,0.0,0.0,0.0,0.0,2.0,1.0,0.0,0.0,0.0,0.0,0.0,0.0,0.0,0.0,364.0
SAUGUS,49.0,1.0,0.0,176.0,5.0,56.0,76.0,35.0,141.0,20.0,0.0,49.0,22.0,76.0,8.0,31.0,52.0,23.0,8.0,1.0,17.0,0.0,5.0,11.0,9.0,0.0,3.0,4.0,2.0,0.0,0.0,0.0,0.0,0.0,1.0,4.0,1.0,0.0,0.0,1.0,0.0,0.0,1.0,0.0,1.0,0.0,0.0,0.0,0.0,0.0,889.0
WENHAM,1.0,0.0,0.0,7.0,0.0,1.0,2.0,2.0,1.0,1.0,1.0,3.0,0.0,0.0,0.0,0.0,2.0,3.0,0.0,0.0,4.0,0.0,0.0,1.0,0.0,0.0,0.0,0.0,0.0,0.0,0.0,0.0,0.0,0.0,0.0,0.0,0.0,0.0,0.0,0.0,0.0,0.0,0.0,0.0,0.0,0.0,0.0,0.0,0.0,0.0,29.0
WEST NEWBURY,8.0,0.0,1.0,10.0,0.0,0.0,9.0,3.0,12.0,3.0,0.0,2.0,7.0,0.0,1.0,2.0,4.0,2.0,0.0,0.0,1.0,0.0,0.0,1.0,0.0,0.0,1.0,0.0,0.0,0.0,0.0,0.0,0.0,0.0,0.0,0.0,0.0,0.0,0.0,0.0,0.0,0.0,0.0,0.0,0.0,0.0,0.0,0.0,0.0,0.0,67.0
BERNARDSTON,11.0,0.0,0.0,7.0,0.0,2.0,3.0,7.0,9.0,7.0,0.0,3.0,5.0,0.0,3.0,3.0,2.0,1.0,0.0,0.0,7.0,0.0,0.0,2.0,0.0,0.0,0.0,0.0,0.0,0.0,0.0,0.0,0.0,0.0,0.0,0.0,0.0,0.0,1.0,0.0,0.0,0.0,0.0,0.0,0.0,0.0,0.0,0.0,0.0,0.0,73.0
DEERFIELD,7.0,0.0,1.0,29.0,0.0,4.0,26.0,12.0,15.0,5.0,0.0,3.0,11.0,5.0,4.0,6.0,5.0,1.0,0.0,0.0,6.0,0.0,0.0,3.0,1.0,0.0,0.0,1.0,1.0,0.0,0.0,0.0,0.0,0.0,0.0,0.0,0.0,0.0,0.0,0.0,0.0,0.0,0.0,0.0,0.0,0.0,0.0,0.0,0.0,0.0,146.0
ERVING,8.0,0.0,2.0,7.0,0.0,4.0,11.0,8.0,17.0,7.0,0.0,4.0,29.0,0.0,3.0,2.0,1.0,2.0,1.0,0.0,6.0,0.0,0.0,0.0,0.0,0.0,0.0,1.0,0.0,0.0,0.0,0.0,0.0,0.0,0.0,0.0,0.0,0.0,0.0,0.0,0.0,0.0,0.0,0.0,0.0,0.0,0.0,0.0,0.0,0.0,113.0
GILL,1.0,0.0,0.0,9.0,0.0,0.0,7.0,3.0,7.0,3.0,0.0,2.0,3.0,1.0,0.0,1.0,1.0,0.0,0.0,0.0,2.0,0.0,1.0,0.0,0.0,0.0,0.0,1.0,0.0,0.0,0.0,0.0,0.0,0.0,0.0,0.0,0.0,0.0,0.0,0.0,0.0,0.0,0.0,0.0,0.0,0.0,0.0,0.0,0.0,0.0,42.0
GREENFIELD,10.0,3.0,1.0,175.0,0.0,45.0,114.0,55.0,99.0,20.0,0.0,63.0,58.0,36.0,9.0,14.0,35.0,8.0,5.0,7.0,44.0,5.0,1.0,16.0,10.0,0.0,0.0,14.0,4.0,0.0,0.0,0.0,1.0,0.0,1.0,6.0,5.0,0.0,1.0,0.0,1.0,1.0,0.0,0.0,0.0,0.0,0.0,0.0,0.0,0.0,867.0
MONTAGUE,2.0,0.0,1.0,44.0,0.0,2.0,41.0,23.0,55.0,7.0,0.0,44.0,9.0,12.0,3.0,2.0,10.0,0.0,3.0,0.0,14.0,0.0,0.0,0.0,2.0,0.0,0.0,5.0,0.0,0.0,0.0,0.0,1.0,0.0,0.0,2.0,0.0,0.0,0.0,0.0,0.0,0.0,0.0,0.0,0.0,0.0,0.0,0.0,0.0,0.0,282.0
NORTHFIELD,2.0,0.0,0.0,7.0,0.0,3.0,7.0,5.0,6.0,1.0,0.0,2.0,4.0,0.0,1.0,0.0,0.0,0.0,0.0,3.0,2.0,0.0,0.0,0.0,0.0,0.0,0.0,2.0,0.0,0.0,0.0,0.0,0.0,0.0,0.0,0.0,0.0,0.0,0.0,0.0,0.0,0.0,0.0,0.0,0.0,0.0,0.0,0.0,0.0,0.0,45.0
SHELBURNE,2.0,0.0,0.0,8.0,0.0,1.0,9.0,5.0,5.0,0.0,0.0,0.0,0.0,1.0,0.0,1.0,4.0,1.0,1.0,0.0,2.0,0.0,0.0,0.0,0.0,0.0,0.0,0.0,0.0,0.0,0.0,0.0,0.0,0.0,0.0,0.0,0.0,0.0,0.0,0.0,0.0,0.0,0.0,0.0,0.0,0.0,0.0,0.0,0.0,0.0,40.0
SUNDERLAND,1.0,0.0,1.0,12.0,0.0,8.0,3.0,5.0,7.0,1.0,0.0,3.0,2.0,2.0,1.0,1.0,1.0,1.0,0.0,0.0,3.0,0.0,0.0,0.0,1.0,0.0,0.0,0.0,0.0,0.0,0.0,0.0,0.0,0.0,0.0,0.0,0.0,0.0,0.0,0.0,0.0,0.0,0.0,0.0,0.0,0.0,0.0,0.0,0.0,0.0,53.0
WHATELY,2.0,0.0,0.0,3.0,0.0,1.0,4.0,2.0,4.0,0.0,0.0,2.0,0.0,0.0,0.0,1.0,2.0,0.0,0.0,0.0,2.0,0.0,0.0,0.0,0.0,0.0,0.0,0.0,0.0,0.0,0.0,0.0,0.0,0.0,0.0,0.0,0.0,0.0,0.0,0.0,0.0,0.0,0.0,0.0,0.0,0.0,0.0,0.0,0.0,0.0,23.0
AGAWAM,55.0,1.0,7.0,223.0,2.0,9.0,193.0,145.0,148.0,44.0,0.0,74.0,32.0,18.0,6.0,19.0,59.0,13.0,11.0,6.0,30.0,1.0,1.0,14.0,12.0,0.0,1.0,13.0,4.0,0.0,0.0,0.0,0.0,0.0,3.0,2.0,2.0,0.0,0.0,0.0,0.0,0.0,0.0,0.0,0.0,0.0,0.0,0.0,0.0,0.0,1148.0
CHICOPEE,96.0,24.0,14.0,255.0,64.0,186.0,616.0,299.0,431.0,245.0,0.0,130.0,79.0,142.0,41.0,91.0,160.0,12.0,23.0,11.0,84.0,5.0,7.0,29.0,52.0,0.0,0.0,27.0,15.0,0.0,0.0,1.0,1.0,0.0,3.0,10.0,12.0,0.0,0.0,0.0,1.0,0.0,0.0,0.0,0.0,0.0,0.0,0.0,0.0,0.0,3166.0
EAST LONGMEADOW,7.0,1.0,4.0,113.0,1.0,48.0,66.0,40.0,63.0,25.0,0.0,18.0,17.0,61.0,9.0,10.0,31.0,7.0,1.0,5.0,13.0,0.0,5.0,7.0,6.0,0.0,0.0,4.0,3.0,0.0,0.0,0.0,0.0,0.0,0.0,3.0,2.0,0.0,0.0,0.0,0.0,0.0,0.0,0.0,0.0,0.0,0.0,0.0,0.0,0.0,570.0
HAMPDEN,3.0,0.0,0.0,11.0,0.0,8.0,8.0,2.0,12.0,2.0,0.0,3.0,1.0,0.0,1.0,3.0,3.0,1.0,1.0,0.0,4.0,0.0,0.0,1.0,0.0,0.0,0.0,1.0,0.0,0.0,0.0,0.0,0.0,0.0,0.0,0.0,0.0,0.0,0.0,0.0,0.0,0.0,0.0,0.0,0.0,0.0,0.0,0.0,0.0,0.0,65.0
LONGMEADOW,19.0,1.0,0.0,70.0,0.0,41.0,11.0,33.0,38.0,7.0,0.0,8.0,7.0,12.0,1.0,7.0,23.0,2.0,3.0,0.0,33.0,5.0,0.0,1.0,0.0,0.0,0.0,1.0,0.0,0.0,0.0,0.0,0.0,0.0,0.0,1.0,1.0,0.0,0.0,0.0,0.0,0.0,0.0,0.0,0.0,0.0,0.0,0.0,0.0,0.0,325.0
LUDLOW,24.0,1.0,1.0,101.0,1.0,20.0,77.0,47.0,114.0,26.0,0.0,38.0,39.0,48.0,9.0,12.0,44.0,9.0,7.0,2.0,19.0,0.0,0.0,11.0,2.0,0.0,0.0,2.0,2.0,0.0,1.0,0.0,1.0,0.0,0.0,0.0,1.0,0.0,0.0,0.0,0.0,0.0,0.0,0.0,0.0,0.0,1.0,0.0,0.0,0.0,660.0
MONSON,6.0,2.0,1.0,11.0,0.0,1.0,31.0,28.0,39.0,12.0,0.0,14.0,37.0,1.0,9.0,4.0,14.0,3.0,4.0,3.0,7.0,0.0,0.0,6.0,1.0,0.0,0.0,4.0,0.0,0.0,0.0,0.0,2.0,0.0,0.0,1.0,0.0,0.0,0.0,0.0,0.0,3.0,0.0,0.0,0.0,0.0,0.0,0.0,0.0,0.0,244.0
PALMER,3.0,2.0,3.0,50.0,0.0,7.0,105.0,16.0,70.0,21.0,0.0,40.0,49.0,10.0,12.0,11.0,21.0,1.0,3.0,0.0,7.0,0.0,1.0,10.0,4.0,0.0,0.0,5.0,5.0,1.0,1.0,2.0,0.0,0.0,0.0,0.0,0.0,0.0,0.0,0.0,0.0,0.0,0.0,1.0,0.0,0.0,1.0,0.0,0.0,0.0,462.0
SOUTHWICK,16.0,0.0,0.0,41.0,0.0,0.0,27.0,16.0,45.0,8.0,0.0,13.0,8.0,8.0,5.0,3.0,6.0,5.0,1.0,5.0,3.0,0.0,1.0,2.0,1.0,0.0,0.0,2.0,0.0,0.0,0.0,0.0,0.0,0.0,0.0,0.0,0.0,0.0,0.0,0.0,1.0,0.0,0.0,0.0,0.0,0.0,0.0,0.0,0.0,0.0,217.0
SPRINGFIELD,195.0,77.0,27.0,674.0,293.0,757.0,2686.0,908.0,1955.0,1163.0,37.0,806.0,506.0,410.0,451.0,434.0,227.0,287.0,101.0,4.0,658.0,20.0,40.0,124.0,480.0,0.0,59.0,76.0,72.0,8.0,17.0,1.0,20.0,7.0,35.0,52.0,9.0,1.0,0.0,6.0,0.0,17.0,2.0,0.0,1.0,0.0,0.0,16.0,0.0,0.0,13719.0
WALES,1.0,0.0,0.0,0.0,0.0,2.0,1.0,0.0,0.0,1.0,0.0,0.0,2.0,0.0,1.0,1.0,2.0,0.0,0.0,1.0,5.0,0.0,0.0,0.0,0.0,0.0,0.0,0.0,0.0,0.0,1.0,0.0,0.0,0.0,0.0,0.0,0.0,0.0,0.0,0.0,0.0,0.0,0.0,0.0,0.0,0.0,0.0,0.0,0.0,0.0,18.0
WEST SPRINGFIELD,60.0,8.0,7.0,384.0,1.0,97.0,154.0,119.0,276.0,49.0,0.0,110.0,125.0,296.0,15.0,63.0,93.0,9.0,26.0,7.0,93.0,9.0,6.0,24.0,26.0,0.0,2.0,16.0,5.0,0.0,0.0,0.0,3.0,0.0,0.0,9.0,13.0,0.0,0.0,0.0,0.0,0.0,0.0,0.0,0.0,0.0,0.0,0.0,0.0,0.0,2105.0
WESTFIELD,42.0,12.0,5.0,154.0,0.0,44.0,153.0,82.0,150.0,19.0,0.0,74.0,34.0,45.0,5.0,28.0,57.0,20.0,11.0,3.0,149.0,4.0,1.0,27.0,8.0,0.0,0.0,10.0,3.0,0.0,0.0,0.0,2.0,0.0,0.0,0.0,3.0,0.0,0.0,0.0,2.0,2.0,0.0,0.0,1.0,0.0,0.0,0.0,0.0,0.0,1150.0
WILBRAHAM,16.0,1.0,0.0,48.0,1.0,13.0,45.0,19.0,48.0,22.0,1.0,12.0,16.0,58.0,2.0,3.0,18.0,5.0,5.0,3.0,16.0,0.0,0.0,8.0,1.0,0.0,2.0,5.0,0.0,0.0,0.0,0.0,0.0,0.0,0.0,1.0,0.0,1.0,0.0,0.0,0.0,0.0,0.0,0.0,0.0,0.0,0.0,0.0,0.0,0.0,370.0
AMHERST,7.0,4.0,2.0,69.0,0.0,9.0,72.0,47.0,71.0,14.0,0.0,89.0,24.0,35.0,7.0,12.0,23.0,2.0,2.0,3.0,13.0,1.0,1.0,4.0,2.0,0.0,0.0,25.0,0.0,0.0,0.0,0.0,3.0,0.0,0.0,0.0,0.0,0.0,0.0,0.0,0.0,0.0,0.0,0.0,0.0,0.0,0.0,0.0,0.0,0.0,541.0
BELCHERTOWN,10.0,0.0,2.0,36.0,0.0,8.0,29.0,11.0,34.0,11.0,0.0,19.0,5.0,9.0,4.0,4.0,13.0,7.0,0.0,2.0,15.0,1.0,1.0,8.0,0.0,0.0,1.0,2.0,0.0,0.0,0.0,0.0,0.0,0.0,0.0,0.0,0.0,0.0,0.0,0.0,0.0,0.0,0.0,0.0,0.0,0.0,0.0,0.0,0.0,0.0,232.0
EASTHAMPTON,9.0,2.0,3.0,54.0,0.0,9.0,57.0,26.0,62.0,9.0,0.0,25.0,12.0,11.0,2.0,8.0,19.0,5.0,4.0,7.0,17.0,0.0,1.0,11.0,2.0,0.0,0.0,5.0,1.0,0.0,0.0,0.0,0.0,0.0,0.0,0.0,0.0,0.0,0.0,0.0,1.0,0.0,0.0,0.0,0.0,0.0,0.0,0.0,0.0,0.0,362.0
GRANBY,2.0,0.0,0.0,15.0,0.0,5.0,10.0,8.0,17.0,5.0,0.0,4.0,4.0,7.0,4.0,4.0,7.0,2.0,1.0,0.0,6.0,0.0,1.0,0.0,0.0,0.0,0.0,3.0,0.0,0.0,0.0,0.0,0.0,0.0,0.0,0.0,0.0,0.0,0.0,0.0,0.0,0.0,0.0,0.0,0.0,0.0,0.0,0.0,0.0,0.0,105.0
HADLEY,15.0,3.0,0.0,51.0,2.0,8.0,28.0,10.0,30.0,22.0,0.0,26.0,8.0,37.0,7.0,2.0,25.0,9.0,4.0,0.0,9.0,1.0,2.0,6.0,1.0,0.0,0.0,2.0,0.0,0.0,0.0,0.0,0.0,0.0,0.0,0.0,6.0,0.0,0.0,0.0,0.0,1.0,0.0,0.0,0.0,0.0,0.0,0.0,0.0,0.0,315.0
HATFIELD,3.0,0.0,0.0,8.0,0.0,1.0,4.0,9.0,8.0,3.0,0.0,2.0,1.0,0.0,0.0,1.0,3.0,0.0,3.0,0.0,5.0,0.0,1.0,0.0,2.0,0.0,0.0,0.0,0.0,0.0,0.0,0.0,0.0,0.0,1.0,0.0,0.0,0.0,0.0,0.0,0.0,0.0,0.0,0.0,0.0,0.0,0.0,0.0,0.0,0.0,55.0
NORTHAMPTON,27.0,11.0,6.0,78.0,13.0,44.0,188.0,110.0,158.0,29.0,0.0,76.0,67.0,157.0,10.0,16.0,57.0,8.0,15.0,7.0,128.0,6.0,3.0,32.0,7.0,0.0,0.0,17.0,2.0,0.0,1.0,0.0,1.0,0.0,1.0,0.0,2.0,0.0,0.0,0.0,0.0,0.0,0.0,0.0,0.0,0.0,0.0,2.0,0.0,0.0,1279.0
PELHAM,1.0,0.0,0.0,1.0,0.0,0.0,0.0,1.0,1.0,1.0,0.0,0.0,0.0,0.0,0.0,0.0,0.0,0.0,0.0,0.0,0.0,0.0,0.0,0.0,0.0,0.0,0.0,1.0,0.0,0.0,0.0,0.0,0.0,0.0,0.0,0.0,0.0,0.0,0.0,0.0,0.0,0.0,0.0,0.0,0.0,0.0,0.0,0.0,0.0,0.0,6.0
SOUTH HADLEY,35.0,1.0,5.0,124.0,0.0,49.0,62.0,50.0,65.0,49.0,0.0,17.0,19.0,22.0,5.0,15.0,30.0,7.0,6.0,3.0,9.0,0.0,0.0,4.0,3.0,0.0,0.0,1.0,0.0,0.0,0.0,0.0,0.0,0.0,0.0,1.0,0.0,0.0,0.0,0.0,5.0,1.0,0.0,0.0,0.0,0.0,0.0,0.0,0.0,0.0,588.0
WARE,8.0,0.0,2.0,52.0,0.0,2.0,82.0,16.0,69.0,3.0,0.0,37.0,64.0,61.0,5.0,8.0,7.0,2.0,3.0,2.0,15.0,1.0,0.0,4.0,4.0,1.0,0.0,1.0,0.0,0.0,1.0,0.0,1.0,0.0,0.0,3.0,0.0,0.0,1.0,0.0,0.0,1.0,0.0,0.0,0.0,0.0,1.0,0.0,0.0,0.0,457.0
WILLIAMSBURG,3.0,0.0,0.0,11.0,0.0,2.0,6.0,13.0,1.0,0.0,0.0,2.0,3.0,0.0,0.0,2.0,0.0,0.0,0.0,0.0,3.0,0.0,0.0,0.0,0.0,0.0,0.0,1.0,0.0,0.0,0.0,0.0,0.0,0.0,0.0,0.0,0.0,0.0,0.0,0.0,0.0,0.0,0.0,0.0,0.0,0.0,0.0,0.0,0.0,0.0,47.0
ARLINGTON,51.0,2.0,2.0,64.0,2.0,25.0,85.0,41.0,85.0,36.0,0.0,22.0,15.0,28.0,1.0,6.0,36.0,6.0,1.0,0.0,26.0,0.0,0.0,7.0,9.0,0.0,0.0,2.0,0.0,0.0,0.0,1.0,0.0,3.0,0.0,3.0,0.0,0.0,0.0,0.0,0.0,1.0,0.0,0.0,0.0,0.0,0.0,0.0,0.0,0.0,560.0
ASHLAND,22.0,0.0,0.0,34.0,0.0,8.0,17.0,8.0,16.0,23.0,0.0,15.0,5.0,22.0,1.0,9.0,29.0,0.0,4.0,2.0,11.0,2.0,0.0,7.0,0.0,0.0,0.0,2.0,0.0,0.0,0.0,1.0,0.0,0.0,1.0,1.0,1.0,0.0,0.0,0.0,0.0,1.0,0.0,0.0,0.0,0.0,0.0,0.0,0.0,0.0,242.0
AYER,12.0,0.0,2.0,43.0,1.0,4.0,77.0,10.0,49.0,24.0,0.0,26.0,6.0,4.0,4.0,9.0,12.0,4.0,2.0,1.0,2.0,0.0,1.0,6.0,4.0,0.0,2.0,2.0,0.0,0.0,0.0,1.0,1.0,0.0,1.0,1.0,1.0,1.0,0.0,0.0,0.0,0.0,0.0,0.0,0.0,0.0,0.0,0.0,0.0,0.0,313.0
BELMONT,44.0,0.0,0.0,95.0,0.0,0.0,31.0,52.0,26.0,8.0,0.0,4.0,1.0,8.0,0.0,9.0,30.0,0.0,0.0,1.0,14.0,0.0,0.0,8.0,0.0,0.0,0.0,1.0,0.0,0.0,0.0,0.0,0.0,0.0,2.0,0.0,0.0,0.0,0.0,0.0,0.0,0.0,0.0,0.0,0.0,0.0,0.0,0.0,0.0,0.0,334.0
BOXBOROUGH,1.0,0.0,0.0,13.0,0.0,1.0,12.0,1.0,9.0,3.0,0.0,3.0,7.0,0.0,3.0,1.0,12.0,1.0,5.0,1.0,3.0,0.0,1.0,2.0,0.0,0.0,0.0,2.0,1.0,0.0,0.0,0.0,1.0,0.0,0.0,0.0,0.0,0.0,0.0,0.0,0.0,0.0,0.0,0.0,0.0,0.0,0.0,0.0,0.0,0.0,83.0
BURLINGTON,36.0,6.0,4.0,169.0,3.0,19.0,48.0,21.0,87.0,35.0,0.0,22.0,14.0,133.0,3.0,11.0,81.0,19.0,15.0,6.0,22.0,2.0,1.0,15.0,5.0,0.0,0.0,9.0,1.0,0.0,0.0,0.0,0.0,0.0,0.0,5.0,5.0,0.0,0.0,0.0,0.0,8.0,0.0,0.0,2.0,0.0,0.0,0.0,0.0,0.0,807.0
CAMBRIDGE,151.0,1.0,9.0,1026.0,12.0,241.0,530.0,255.0,389.0,307.0,0.0,219.0,79.0,228.0,42.0,112.0,299.0,42.0,49.0,2.0,175.0,0.0,1.0,58.0,102.0,0.0,0.0,27.0,3.0,0.0,0.0,0.0,7.0,0.0,19.0,102.0,1.0,0.0,0.0,1.0,0.0,1.0,0.0,1.0,0.0,0.0,0.0,0.0,0.0,0.0,4491.0
CARLISLE,9.0,2.0,1.0,8.0,0.0,7.0,6.0,3.0,5.0,0.0,0.0,0.0,0.0,0.0,1.0,0.0,3.0,3.0,0.0,0.0,4.0,0.0,0.0,0.0,0.0,0.0,0.0,1.0,0.0,0.0,0.0,0.0,0.0,0.0,0.0,0.0,0.0,0.0,0.0,0.0,0.0,0.0,0.0,0.0,0.0,0.0,0.0,0.0,0.0,0.0,53.0
CHELMSFORD,17.0,5.0,3.0,90.0,5.0,42.0,30.0,33.0,94.0,26.0,42.0,20.0,23.0,189.0,3.0,14.0,2.0,59.0,4.0,3.0,9.0,0.0,1.0,10.0,2.0,0.0,0.0,4.0,0.0,0.0,0.0,0.0,0.0,0.0,2.0,0.0,1.0,0.0,0.0,0.0,0.0,0.0,0.0,0.0,0.0,0.0,0.0,0.0,0.0,0.0,733.0
CONCORD,20.0,1.0,0.0,58.0,0.0,6.0,25.0,8.0,27.0,19.0,0.0,5.0,2.0,13.0,1.0,3.0,21.0,8.0,1.0,0.0,24.0,0.0,1.0,6.0,0.0,0.0,1.0,3.0,0.0,0.0,0.0,0.0,0.0,0.0,0.0,0.0,2.0,0.0,0.0,0.0,0.0,0.0,0.0,0.0,0.0,0.0,0.0,0.0,0.0,0.0,255.0
DRACUT,18.0,2.0,1.0,82.0,14.0,48.0,100.0,47.0,83.0,28.0,0.0,28.0,14.0,38.0,5.0,20.0,37.0,23.0,0.0,0.0,28.0,0.0,1.0,8.0,4.0,0.0,10.0,3.0,1.0,0.0,0.0,0.0,1.0,0.0,0.0,0.0,3.0,0.0,1.0,0.0,0.0,0.0,0.0,0.0,0.0,0.0,0.0,0.0,0.0,0.0,648.0
DUNSTABLE,1.0,0.0,0.0,5.0,0.0,0.0,5.0,6.0,7.0,0.0,0.0,2.0,10.0,0.0,3.0,1.0,3.0,0.0,2.0,0.0,6.0,0.0,0.0,4.0,0.0,0.0,0.0,1.0,0.0,0.0,0.0,0.0,0.0,0.0,0.0,0.0,0.0,0.0,0.0,0.0,0.0,0.0,0.0,0.0,0.0,0.0,0.0,0.0,0.0,0.0,56.0
EVERETT,3.0,8.0,1.0,234.0,1.0,108.0,76.0,113.0,242.0,72.0,8.0,97.0,57.0,104.0,20.0,72.0,25.0,85.0,10.0,0.0,29.0,0.0,2.0,8.0,36.0,22.0,22.0,17.0,2.0,0.0,1.0,0.0,1.0,0.0,1.0,2.0,5.0,0.0,0.0,0.0,1.0,0.0,0.0,0.0,0.0,0.0,0.0,2.0,1.0,0.0,1488.0
FRAMINGHAM,65.0,2.0,2.0,324.0,0.0,188.0,285.0,130.0,334.0,9.0,0.0,178.0,79.0,112.0,17.0,62.0,0.0,37.0,17.0,1.0,42.0,0.0,0.0,50.0,18.0,0.0,0.0,18.0,1.0,3.0,0.0,0.0,5.0,0.0,0.0,20.0,5.0,0.0,0.0,0.0,0.0,0.0,0.0,0.0,0.0,0.0,0.0,7.0,0.0,0.0,2011.0
GROTON,12.0,1.0,1.0,17.0,0.0,6.0,8.0,5.0,19.0,2.0,0.0,6.0,4.0,3.0,0.0,1.0,4.0,6.0,0.0,1.0,5.0,0.0,1.0,3.0,1.0,1.0,0.0,2.0,0.0,0.0,0.0,0.0,0.0,0.0,0.0,0.0,0.0,0.0,0.0,0.0,0.0,0.0,0.0,0.0,0.0,0.0,0.0,0.0,0.0,0.0,109.0
HOLLISTON,3.0,1.0,1.0,23.0,1.0,4.0,14.0,5.0,10.0,2.0,0.0,11.0,7.0,6.0,3.0,0.0,6.0,1.0,0.0,1.0,4.0,0.0,0.0,1.0,0.0,0.0,0.0,0.0,0.0,0.0,0.0,0.0,0.0,0.0,0.0,0.0,0.0,0.0,0.0,0.0,0.0,0.0,0.0,0.0,0.0,0.0,0.0,0.0,0.0,0.0,104.0
HUDSON,7.0,2.0,1.0,33.0,0.0,6.0,28.0,6.0,14.0,13.0,0.0,32.0,9.0,33.0,0.0,0.0,16.0,6.0,2.0,2.0,13.0,4.0,2.0,10.0,3.0,0.0,0.0,7.0,1.0,0.0,0.0,0.0,0.0,0.0,0.0,1.0,1.0,0.0,0.0,0.0,0.0,0.0,0.0,0.0,0.0,0.0,0.0,0.0,0.0,0.0,252.0
LEXINGTON,1.0,0.0,0.0,62.0,1.0,24.0,18.0,24.0,24.0,10.0,0.0,6.0,1.0,3.0,0.0,1.0,20.0,8.0,5.0,0.0,0.0,0.0,0.0,4.0,0.0,0.0,8.0,1.0,0.0,0.0,0.0,0.0,1.0,0.0,0.0,0.0,0.0,0.0,0.0,0.0,0.0,0.0,0.0,0.0,0.0,0.0,0.0,0.0,0.0,0.0,222.0
LITTLETON,11.0,0.0,1.0,30.0,1.0,6.0,28.0,6.0,22.0,5.0,1.0,7.0,13.0,6.0,4.0,2.0,13.0,3.0,4.0,0.0,9.0,0.0,1.0,7.0,0.0,0.0,0.0,1.0,0.0,0.0,0.0,0.0,0.0,0.0,1.0,1.0,0.0,0.0,0.0,0.0,0.0,0.0,0.0,0.0,0.0,0.0,0.0,0.0,0.0,0.0,183.0
LOWELL,65.0,23.0,7.0,473.0,129.0,281.0,1320.0,350.0,751.0,189.0,32.0,190.0,247.0,230.0,109.0,225.0,112.0,126.0,23.0,2.0,57.0,1.0,15.0,48.0,106.0,0.0,0.0,22.0,12.0,0.0,4.0,1.0,15.0,6.0,3.0,3.0,5.0,0.0,0.0,1.0,1.0,10.0,0.0,0.0,1.0,0.0,0.0,1.0,0.0,1.0,5197.0
MARLBOROUGH,65.0,17.0,3.0,243.0,2.0,54.0,228.0,57.0,173.0,60.0,0.0,104.0,30.0,53.0,19.0,27.0,118.0,16.0,11.0,11.0,43.0,13.0,1.0,29.0,17.0,1.0,0.0,21.0,3.0,0.0,0.0,1.0,2.0,0.0,3.0,3.0,1.0,0.0,0.0,1.0,0.0,1.0,0.0,0.0,0.0,0.0,0.0,0.0,0.0,0.0,1431.0
MAYNARD,7.0,1.0,4.0,23.0,0.0,4.0,26.0,6.0,31.0,9.0,0.0,17.0,3.0,2.0,2.0,4.0,11.0,3.0,1.0,1.0,16.0,0.0,1.0,7.0,0.0,0.0,0.0,3.0,1.0,0.0,0.0,0.0,0.0,0.0,0.0,0.0,0.0,0.0,0.0,0.0,0.0,0.0,0.0,0.0,0.0,0.0,0.0,0.0,0.0,0.0,183.0
MELROSE,8.0,3.0,0.0,76.0,1.0,22.0,54.0,22.0,83.0,10.0,1.0,11.0,9.0,3.0,1.0,10.0,20.0,1.0,7.0,0.0,15.0,0.0,0.0,8.0,1.0,0.0,0.0,1.0,2.0,0.0,0.0,0.0,0.0,0.0,0.0,0.0,2.0,0.0,0.0,0.0,0.0,0.0,0.0,0.0,0.0,0.0,0.0,0.0,0.0,0.0,371.0
NATICK,24.0,6.0,8.0,198.0,4.0,47.0,96.0,28.0,118.0,31.0,0.0,35.0,11.0,88.0,5.0,10.0,53.0,20.0,12.0,3.0,83.0,10.0,8.0,13.0,1.0,0.0,0.0,7.0,1.0,0.0,0.0,0.0,0.0,0.0,0.0,4.0,7.0,0.0,0.0,0.0,0.0,0.0,0.0,0.0,0.0,0.0,0.0,0.0,0.0,0.0,931.0
NEWTON,6.0,11.0,1.0,156.0,12.0,167.0,109.0,74.0,105.0,43.0,21.0,44.0,22.0,105.0,10.0,16.0,84.0,44.0,13.0,1.0,104.0,0.0,9.0,28.0,5.0,0.0,34.0,3.0,0.0,0.0,0.0,0.0,2.0,0.0,2.0,3.0,0.0,5.0,0.0,3.0,0.0,2.0,0.0,0.0,0.0,0.0,0.0,1.0,0.0,0.0,1245.0
NORTH READING,4.0,0.0,1.0,12.0,0.0,15.0,19.0,6.0,14.0,10.0,0.0,11.0,8.0,3.0,2.0,3.0,9.0,4.0,6.0,0.0,7.0,0.0,0.0,2.0,1.0,1.0,0.0,0.0,0.0,0.0,0.0,0.0,0.0,0.0,0.0,0.0,0.0,0.0,0.0,0.0,0.0,0.0,0.0,0.0,0.0,0.0,0.0,0.0,0.0,0.0,138.0
PEPPERELL,13.0,0.0,1.0,21.0,0.0,3.0,19.0,3.0,23.0,15.0,0.0,8.0,8.0,3.0,2.0,4.0,21.0,3.0,2.0,0.0,6.0,1.0,1.0,6.0,1.0,0.0,0.0,2.0,0.0,0.0,0.0,0.0,1.0,0.0,0.0,0.0,0.0,0.0,0.0,0.0,0.0,0.0,0.0,0.0,0.0,0.0,0.0,0.0,0.0,0.0,167.0
SHERBORN,24.0,0.0,0.0,13.0,0.0,3.0,2.0,3.0,5.0,6.0,0.0,3.0,4.0,0.0,0.0,1.0,5.0,1.0,0.0,0.0,2.0,0.0,0.0,0.0,1.0,0.0,0.0,1.0,0.0,0.0,0.0,0.0,0.0,0.0,0.0,1.0,0.0,0.0,0.0,0.0,0.0,0.0,0.0,0.0,0.0,0.0,0.0,0.0,0.0,0.0,75.0
SHIRLEY,4.0,0.0,2.0,15.0,0.0,0.0,5.0,7.0,8.0,3.0,2.0,8.0,5.0,0.0,2.0,7.0,3.0,2.0,0.0,1.0,3.0,0.0,0.0,1.0,1.0,0.0,0.0,0.0,1.0,0.0,0.0,0.0,0.0,0.0,1.0,0.0,0.0,0.0,0.0,0.0,0.0,0.0,0.0,0.0,0.0,0.0,0.0,0.0,0.0,0.0,81.0
SOMERVILLE,1.0,28.0,1.0,407.0,2.0,147.0,198.0,160.0,207.0,28.0,0.0,112.0,77.0,119.0,43.0,110.0,125.0,48.0,0.0,2.0,85.0,0.0,1.0,38.0,43.0,0.0,0.0,21.0,5.0,0.0,0.0,0.0,1.0,0.0,1.0,41.0,0.0,0.0,0.0,1.0,0.0,1.0,0.0,0.0,0.0,0.0,0.0,0.0,0.0,0.0,2053.0
STONEHAM,32.0,5.0,1.0,93.0,0.0,0.0,59.0,68.0,51.0,15.0,0.0,25.0,17.0,77.0,5.0,9.0,53.0,2.0,18.0,1.0,8.0,0.0,0.0,6.0,2.0,0.0,0.0,3.0,1.0,0.0,0.0,0.0,1.0,0.0,0.0,0.0,0.0,0.0,0.0,0.0,0.0,0.0,0.0,0.0,0.0,0.0,0.0,0.0,0.0,0.0,552.0
STOW,6.0,1.0,0.0,13.0,0.0,0.0,10.0,12.0,20.0,1.0,0.0,4.0,2.0,0.0,3.0,4.0,7.0,7.0,3.0,2.0,7.0,0.0,1.0,2.0,0.0,0.0,1.0,1.0,0.0,0.0,0.0,0.0,0.0,0.0,0.0,0.0,1.0,0.0,0.0,0.0,1.0,0.0,0.0,0.0,0.0,0.0,0.0,0.0,0.0,0.0,109.0
SUDBURY,42.0,3.0,5.0,34.0,0.0,8.0,17.0,3.0,29.0,13.0,0.0,14.0,5.0,4.0,1.0,3.0,16.0,5.0,3.0,1.0,18.0,1.0,0.0,6.0,0.0,0.0,0.0,7.0,0.0,0.0,0.0,0.0,1.0,0.0,4.0,1.0,1.0,0.0,0.0,0.0,0.0,0.0,0.0,0.0,0.0,0.0,0.0,0.0,0.0,0.0,245.0
TEWKSBURY,37.0,2.0,1.0,128.0,0.0,37.0,149.0,33.0,120.0,37.0,0.0,47.0,99.0,92.0,10.0,20.0,87.0,13.0,23.0,7.0,47.0,3.0,3.0,11.0,7.0,0.0,0.0,17.0,2.0,1.0,0.0,0.0,1.0,0.0,0.0,1.0,6.0,0.0,0.0,0.0,0.0,0.0,0.0,0.0,0.0,0.0,0.0,0.0,0.0,0.0,1041.0
TOWNSEND,5.0,1.0,4.0,31.0,0.0,1.0,13.0,14.0,19.0,8.0,0.0,5.0,13.0,1.0,3.0,5.0,7.0,4.0,2.0,2.0,6.0,0.0,0.0,2.0,0.0,0.0,1.0,0.0,0.0,0.0,0.0,0.0,0.0,0.0,0.0,0.0,0.0,0.0,0.0,0.0,0.0,0.0,0.0,0.0,0.0,0.0,0.0,0.0,0.0,0.0,147.0
TYNGSBOROUGH,7.0,0.0,1.0,23.0,0.0,11.0,32.0,8.0,58.0,21.0,0.0,14.0,45.0,0.0,6.0,9.0,7.0,3.0,3.0,0.0,3.0,0.0,0.0,1.0,0.0,0.0,0.0,4.0,0.0,0.0,0.0,0.0,0.0,0.0,0.0,0.0,0.0,0.0,0.0,0.0,0.0,1.0,0.0,0.0,0.0,0.0,0.0,0.0,0.0,0.0,257.0
WAKEFIELD,67.0,3.0,2.0,106.0,0.0,61.0,68.0,15.0,74.0,18.0,0.0,24.0,58.0,11.0,5.0,8.0,43.0,8.0,7.0,4.0,16.0,2.0,2.0,13.0,5.0,0.0,1.0,10.0,1.0,1.0,0.0,0.0,1.0,0.0,0.0,1.0,2.0,0.0,0.0,0.0,0.0,0.0,0.0,0.0,0.0,0.0,0.0,0.0,0.0,0.0,637.0
WATERTOWN,37.0,5.0,0.0,50.0,9.0,40.0,89.0,38.0,63.0,30.0,16.0,15.0,21.0,72.0,6.0,15.0,52.0,20.0,2.0,0.0,62.0,2.0,0.0,13.0,3.0,0.0,1.0,6.0,1.0,0.0,0.0,0.0,0.0,0.0,5.0,3.0,0.0,0.0,0.0,0.0,0.0,0.0,0.0,0.0,0.0,0.0,0.0,0.0,0.0,0.0,676.0
WESTFORD,11.0,0.0,3.0,39.0,0.0,3.0,22.0,10.0,33.0,8.0,0.0,9.0,25.0,1.0,5.0,0.0,12.0,3.0,10.0,1.0,11.0,0.0,1.0,7.0,0.0,0.0,0.0,3.0,0.0,0.0,0.0,0.0,1.0,0.0,0.0,0.0,1.0,0.0,0.0,0.0,0.0,1.0,0.0,0.0,0.0,0.0,0.0,0.0,0.0,0.0,220.0
WESTON,3.0,0.0,1.0,20.0,0.0,12.0,6.0,4.0,11.0,2.0,0.0,2.0,7.0,0.0,1.0,2.0,6.0,2.0,2.0,4.0,11.0,0.0,0.0,8.0,0.0,0.0,0.0,3.0,0.0,0.0,0.0,0.0,0.0,0.0,0.0,1.0,1.0,0.0,0.0,0.0,0.0,0.0,0.0,0.0,0.0,0.0,0.0,0.0,0.0,0.0,109.0
WILMINGTON,19.0,0.0,0.0,68.0,0.0,7.0,49.0,16.0,49.0,14.0,0.0,17.0,17.0,15.0,4.0,10.0,33.0,9.0,6.0,2.0,16.0,0.0,3.0,13.0,3.0,1.0,0.0,0.0,0.0,0.0,0.0,0.0,1.0,0.0,2.0,0.0,0.0,0.0,0.0,0.0,0.0,0.0,0.0,0.0,0.0,0.0,0.0,0.0,0.0,0.0,374.0
WOBURN,54.0,2.0,0.0,132.0,6.0,73.0,108.0,36.0,155.0,6.0,2.0,29.0,63.0,77.0,12.0,32.0,75.0,27.0,22.0,3.0,36.0,3.0,1.0,16.0,8.0,0.0,0.0,2.0,0.0,0.0,0.0,0.0,1.0,0.0,1.0,4.0,3.0,0.0,1.0,6.0,0.0,8.0,0.0,0.0,0.0,0.0,0.0,0.0,0.0,0.0,1004.0
NANTUCKET,1.0,5.0,1.0,122.0,0.0,32.0,58.0,21.0,171.0,3.0,4.0,25.0,25.0,11.0,1.0,10.0,11.0,10.0,1.0,4.0,32.0,0.0,0.0,4.0,1.0,3.0,0.0,9.0,0.0,0.0,0.0,0.0,0.0,0.0,0.0,0.0,0.0,0.0,0.0,0.0,1.0,0.0,0.0,0.0,0.0,0.0,0.0,0.0,0.0,0.0,566.0
BELLINGHAM,16.0,5.0,4.0,123.0,1.0,14.0,52.0,18.0,62.0,23.0,0.0,11.0,29.0,79.0,4.0,8.0,29.0,8.0,6.0,1.0,21.0,2.0,7.0,13.0,2.0,0.0,0.0,2.0,2.0,0.0,0.0,0.0,1.0,0.0,0.0,0.0,1.0,0.0,0.0,0.0,0.0,0.0,0.0,0.0,0.0,0.0,0.0,0.0,0.0,0.0,544.0
BRAINTREE,1.0,0.0,1.0,35.0,11.0,52.0,138.0,50.0,27.0,18.0,94.0,38.0,65.0,248.0,13.0,29.0,2.0,53.0,1.0,1.0,50.0,0.0,0.0,11.0,8.0,1.0,0.0,0.0,3.0,0.0,0.0,0.0,2.0,0.0,0.0,5.0,10.0,0.0,0.0,0.0,0.0,0.0,0.0,0.0,0.0,1.0,0.0,0.0,0.0,0.0,968.0
BROOKLINE,3.0,8.0,0.0,142.0,29.0,62.0,89.0,74.0,128.0,2.0,21.0,38.0,0.0,105.0,0.0,22.0,43.0,22.0,2.0,0.0,206.0,0.0,0.0,7.0,9.0,0.0,0.0,5.0,1.0,0.0,0.0,0.0,0.0,0.0,4.0,8.0,1.0,0.0,1.0,0.0,0.0,0.0,0.0,0.0,0.0,0.0,0.0,1.0,0.0,0.0,1033.0
CANTON,19.0,1.0,1.0,51.0,2.0,19.0,10.0,7.0,55.0,33.0,0.0,64.0,12.0,13.0,8.0,13.0,24.0,20.0,2.0,2.0,19.0,2.0,2.0,5.0,4.0,0.0,2.0,2.0,0.0,0.0,0.0,0.0,1.0,0.0,1.0,0.0,1.0,0.0,0.0,0.0,0.0,1.0,0.0,0.0,0.0,0.0,0.0,0.0,0.0,0.0,396.0
COHASSET,13.0,1.0,0.0,27.0,0.0,13.0,17.0,8.0,33.0,9.0,1.0,5.0,1.0,3.0,0.0,0.0,15.0,2.0,0.0,0.0,7.0,0.0,0.0,1.0,1.0,0.0,1.0,0.0,1.0,0.0,0.0,0.0,0.0,0.0,0.0,0.0,1.0,0.0,0.0,0.0,0.0,0.0,0.0,0.0,0.0,0.0,0.0,0.0,0.0,0.0,160.0
DOVER,12.0,0.0,0.0,6.0,0.0,2.0,2.0,1.0,10.0,2.0,1.0,0.0,1.0,0.0,0.0,1.0,7.0,9.0,0.0,2.0,2.0,0.0,1.0,1.0,0.0,0.0,1.0,0.0,0.0,0.0,0.0,0.0,0.0,0.0,0.0,0.0,0.0,0.0,0.0,0.0,0.0,0.0,0.0,0.0,0.0,0.0,0.0,0.0,0.0,0.0,61.0
FOXBOROUGH,23.0,0.0,4.0,57.0,6.0,30.0,131.0,21.0,85.0,27.0,0.0,32.0,18.0,20.0,5.0,8.0,26.0,7.0,5.0,1.0,23.0,1.0,4.0,8.0,2.0,0.0,0.0,5.0,2.0,0.0,0.0,0.0,0.0,0.0,2.0,0.0,0.0,2.0,0.0,0.0,1.0,0.0,0.0,0.0,0.0,0.0,0.0,0.0,0.0,0.0,556.0
HOLBROOK,11.0,0.0,3.0,56.0,2.0,12.0,69.0,17.0,54.0,10.0,0.0,16.0,26.0,10.0,0.0,8.0,22.0,5.0,5.0,1.0,11.0,1.0,0.0,9.0,3.0,0.0,0.0,1.0,1.0,0.0,0.0,0.0,0.0,0.0,0.0,0.0,0.0,0.0,0.0,0.0,0.0,0.0,0.0,0.0,0.0,0.0,0.0,0.0,0.0,0.0,353.0
MEDWAY,3.0,1.0,2.0,45.0,0.0,11.0,21.0,7.0,2.0,1.0,0.0,14.0,0.0,7.0,1.0,2.0,0.0,0.0,0.0,2.0,1.0,0.0,0.0,1.0,1.0,0.0,0.0,4.0,0.0,0.0,0.0,0.0,0.0,0.0,1.0,0.0,0.0,0.0,0.0,0.0,0.0,0.0,0.0,0.0,0.0,0.0,0.0,0.0,0.0,0.0,127.0
NEEDHAM,53.0,2.0,3.0,91.0,0.0,8.0,27.0,7.0,35.0,20.0,0.0,8.0,19.0,8.0,4.0,3.0,52.0,4.0,7.0,0.0,24.0,0.0,3.0,17.0,2.0,1.0,0.0,2.0,0.0,0.0,1.0,0.0,1.0,0.0,0.0,3.0,3.0,0.0,0.0,0.0,0.0,0.0,0.0,0.0,0.0,0.0,0.0,0.0,0.0,0.0,408.0
NORWOOD,45.0,4.0,3.0,149.0,2.0,35.0,66.0,23.0,100.0,23.0,3.0,21.0,55.0,19.0,6.0,28.0,54.0,19.0,9.0,0.0,33.0,5.0,3.0,19.0,7.0,0.0,0.0,4.0,1.0,0.0,0.0,0.0,1.0,0.0,3.0,0.0,2.0,0.0,0.0,0.0,0.0,2.0,0.0,0.0,0.0,0.0,0.0,0.0,0.0,0.0,744.0
PLAINVILLE,4.0,0.0,0.0,11.0,4.0,8.0,18.0,6.0,18.0,1.0,2.0,8.0,3.0,13.0,0.0,4.0,2.0,16.0,0.0,0.0,16.0,0.0,0.0,5.0,1.0,0.0,13.0,0.0,1.0,0.0,0.0,0.0,0.0,0.0,0.0,0.0,0.0,0.0,0.0,0.0,0.0,0.0,0.0,0.0,0.0,0.0,0.0,0.0,0.0,0.0,154.0
QUINCY,144.0,15.0,2.0,469.0,22.0,170.0,343.0,265.0,274.0,319.0,2.0,238.0,160.0,154.0,35.0,71.0,81.0,75.0,18.0,4.0,101.0,0.0,5.0,59.0,49.0,0.0,0.0,29.0,8.0,0.0,0.0,0.0,4.0,0.0,6.0,20.0,0.0,0.0,0.0,0.0,0.0,0.0,0.0,0.0,0.0,0.0,0.0,0.0,0.0,0.0,3142.0
SHARON,4.0,1.0,1.0,28.0,0.0,6.0,6.0,11.0,26.0,6.0,0.0,6.0,7.0,3.0,2.0,2.0,15.0,2.0,5.0,0.0,5.0,0.0,1.0,4.0,3.0,0.0,0.0,2.0,0.0,0.0,0.0,0.0,1.0,0.0,0.0,1.0,0.0,0.0,0.0,0.0,0.0,0.0,0.0,0.0,0.0,0.0,0.0,0.0,0.0,0.0,148.0
STOUGHTON,19.0,5.0,2.0,156.0,1.0,30.0,147.0,38.0,94.0,57.0,0.0,48.0,47.0,54.0,16.0,29.0,43.0,11.0,14.0,5.0,34.0,0.0,6.0,29.0,12.0,0.0,0.0,1.0,4.0,3.0,0.0,0.0,3.0,0.0,2.0,5.0,1.0,0.0,0.0,0.0,5.0,1.0,0.0,0.0,0.0,0.0,0.0,0.0,0.0,0.0,922.0
WALPOLE,16.0,9.0,3.0,103.0,0.0,31.0,82.0,34.0,69.0,31.0,0.0,28.0,39.0,80.0,8.0,8.0,51.0,13.0,9.0,2.0,24.0,0.0,0.0,13.0,4.0,0.0,0.0,3.0,3.0,0.0,0.0,0.0,0.0,0.0,0.0,2.0,1.0,0.0,0.0,0.0,0.0,0.0,0.0,0.0,0.0,0.0,0.0,0.0,0.0,0.0,666.0
WELLESLEY,36.0,0.0,0.0,85.0,0.0,22.0,17.0,11.0,37.0,14.0,0.0,5.0,13.0,6.0,5.0,0.0,26.0,14.0,13.0,0.0,12.0,2.0,1.0,12.0,1.0,0.0,1.0,1.0,0.0,0.0,0.0,0.0,0.0,0.0,1.0,0.0,1.0,0.0,0.0,0.0,0.0,0.0,0.0,0.0,0.0,0.0,0.0,0.0,0.0,0.0,336.0
WESTWOOD,35.0,2.0,0.0,64.0,3.0,23.0,11.0,8.0,28.0,15.0,0.0,7.0,16.0,25.0,3.0,6.0,31.0,9.0,7.0,1.0,14.0,1.0,4.0,9.0,0.0,1.0,2.0,2.0,0.0,0.0,0.0,0.0,0.0,0.0,3.0,3.0,2.0,0.0,0.0,0.0,0.0,0.0,0.0,0.0,0.0,0.0,0.0,0.0,0.0,0.0,335.0
WEYMOUTH,35.0,10.0,5.0,158.0,4.0,90.0,135.0,48.0,189.0,71.0,0.0,120.0,114.0,128.0,17.0,31.0,72.0,18.0,16.0,14.0,74.0,4.0,11.0,21.0,20.0,0.0,0.0,10.0,10.0,0.0,1.0,0.0,3.0,0.0,3.0,6.0,10.0,0.0,0.0,0.0,1.0,0.0,0.0,0.0,1.0,0.0,0.0,0.0,0.0,0.0,1450.0
WRENTHAM,3.0,1.0,0.0,29.0,0.0,20.0,14.0,11.0,12.0,3.0,2.0,3.0,3.0,143.0,0.0,11.0,13.0,4.0,3.0,1.0,4.0,0.0,2.0,1.0,0.0,0.0,17.0,2.0,0.0,0.0,0.0,0.0,0.0,0.0,0.0,0.0,0.0,0.0,0.0,0.0,0.0,0.0,0.0,0.0,0.0,0.0,0.0,1.0,0.0,0.0,303.0
ABINGTON,16.0,0.0,2.0,73.0,0.0,0.0,77.0,19.0,61.0,39.0,0.0,30.0,49.0,21.0,12.0,16.0,24.0,8.0,1.0,3.0,14.0,0.0,0.0,8.0,3.0,0.0,2.0,5.0,1.0,0.0,0.0,0.0,0.0,0.0,2.0,3.0,0.0,0.0,0.0,0.0,0.0,0.0,0.0,0.0,0.0,0.0,0.0,0.0,0.0,0.0,489.0
BRIDGEWATER,17.0,1.0,1.0,59.0,0.0,12.0,48.0,30.0,69.0,17.0,0.0,48.0,18.0,4.0,1.0,8.0,25.0,7.0,8.0,9.0,14.0,0.0,0.0,13.0,1.0,1.0,0.0,4.0,2.0,0.0,0.0,0.0,0.0,0.0,0.0,0.0,3.0,0.0,0.0,0.0,1.0,0.0,0.0,0.0,0.0,0.0,0.0,0.0,0.0,0.0,421.0
BROCKTON,125.0,45.0,17.0,897.0,5.0,385.0,1092.0,277.0,712.0,257.0,0.0,559.0,243.0,159.0,108.0,311.0,133.0,25.0,31.0,41.0,83.0,6.0,13.0,52.0,184.0,1.0,0.0,63.0,27.0,0.0,8.0,0.0,7.0,0.0,3.0,30.0,14.0,0.0,6.0,0.0,0.0,13.0,1.0,1.0,2.0,0.0,0.0,0.0,0.0,0.0,5936.0
CARVER,16.0,1.0,3.0,47.0,0.0,9.0,32.0,6.0,46.0,21.0,0.0,19.0,3.0,2.0,3.0,5.0,13.0,3.0,1.0,3.0,6.0,0.0,0.0,2.0,2.0,0.0,2.0,6.0,1.0,0.0,0.0,0.0,0.0,0.0,0.0,0.0,0.0,0.0,0.0,1.0,0.0,1.0,0.0,0.0,0.0,0.0,0.0,0.0,0.0,0.0,254.0
DUXBURY,11.0,3.0,0.0,48.0,0.0,7.0,17.0,18.0,28.0,14.0,0.0,6.0,5.0,1.0,1.0,0.0,31.0,3.0,3.0,2.0,22.0,0.0,0.0,4.0,0.0,0.0,1.0,0.0,0.0,0.0,0.0,0.0,1.0,0.0,0.0,1.0,0.0,0.0,0.0,0.0,0.0,0.0,0.0,0.0,0.0,0.0,0.0,0.0,0.0,0.0,227.0
EAST BRIDGEWATER,11.0,0.0,3.0,39.0,0.0,19.0,40.0,15.0,46.0,19.0,0.0,16.0,5.0,7.0,7.0,10.0,31.0,1.0,3.0,5.0,10.0,0.0,1.0,6.0,1.0,0.0,1.0,2.0,0.0,0.0,0.0,0.0,0.0,0.0,0.0,2.0,0.0,0.0,0.0,0.0,0.0,0.0,0.0,0.0,0.0,0.0,0.0,0.0,0.0,0.0,300.0
HALIFAX,9.0,2.0,0.0,23.0,0.0,19.0,27.0,13.0,40.0,7.0,0.0,3.0,2.0,27.0,0.0,4.0,16.0,0.0,6.0,2.0,10.0,1.0,0.0,1.0,0.0,0.0,0.0,0.0,0.0,0.0,0.0,0.0,1.0,0.0,1.0,1.0,0.0,0.0,0.0,0.0,0.0,0.0,0.0,0.0,0.0,0.0,0.0,0.0,0.0,0.0,215.0
HANOVER,8.0,0.0,0.0,26.0,2.0,5.0,7.0,6.0,46.0,0.0,1.0,1.0,0.0,61.0,0.0,4.0,30.0,36.0,6.0,0.0,12.0,0.0,0.0,3.0,0.0,0.0,0.0,1.0,0.0,0.0,0.0,0.0,0.0,0.0,0.0,2.0,3.0,0.0,0.0,0.0,0.0,0.0,0.0,0.0,0.0,0.0,0.0,0.0,0.0,0.0,260.0
HANSON,4.0,2.0,3.0,25.0,0.0,1.0,30.0,12.0,26.0,13.0,0.0,16.0,6.0,4.0,3.0,5.0,9.0,6.0,2.0,4.0,11.0,3.0,1.0,7.0,1.0,0.0,1.0,1.0,0.0,0.0,0.0,0.0,2.0,0.0,0.0,1.0,1.0,0.0,0.0,0.0,0.0,0.0,0.0,0.0,0.0,0.0,0.0,0.0,0.0,0.0,200.0
HINGHAM,19.0,1.0,1.0,78.0,1.0,6.0,31.0,20.0,48.0,20.0,0.0,30.0,16.0,44.0,1.0,8.0,32.0,20.0,2.0,4.0,26.0,4.0,1.0,7.0,0.0,1.0,0.0,3.0,0.0,0.0,0.0,0.0,0.0,0.0,0.0,2.0,1.0,0.0,0.0,0.0,0.0,0.0,0.0,0.0,0.0,0.0,0.0,0.0,0.0,0.0,427.0
HULL,7.0,3.0,0.0,49.0,0.0,9.0,56.0,15.0,56.0,14.0,0.0,31.0,18.0,6.0,6.0,3.0,11.0,2.0,1.0,3.0,16.0,2.0,0.0,5.0,0.0,0.0,0.0,0.0,2.0,0.0,0.0,0.0,0.0,0.0,0.0,0.0,1.0,0.0,0.0,0.0,0.0,0.0,0.0,0.0,2.0,0.0,0.0,0.0,0.0,0.0,318.0
KINGSTON,8.0,1.0,3.0,31.0,1.0,24.0,28.0,9.0,42.0,9.0,0.0,22.0,2.0,19.0,2.0,6.0,21.0,10.0,3.0,0.0,14.0,0.0,1.0,8.0,1.0,0.0,0.0,2.0,2.0,0.0,0.0,0.0,0.0,0.0,1.0,0.0,1.0,0.0,0.0,0.0,0.0,0.0,0.0,0.0,0.0,0.0,0.0,0.0,0.0,0.0,271.0
MARION,8.0,0.0,1.0,24.0,0.0,1.0,17.0,7.0,34.0,9.0,0.0,8.0,5.0,1.0,1.0,3.0,17.0,0.0,2.0,1.0,14.0,0.0,3.0,3.0,0.0,0.0,0.0,1.0,0.0,0.0,0.0,0.0,0.0,0.0,2.0,0.0,0.0,0.0,0.0,0.0,0.0,0.0,0.0,0.0,0.0,0.0,0.0,0.0,0.0,0.0,162.0
MARSHFIELD,2.0,0.0,3.0,46.0,0.0,11.0,26.0,14.0,45.0,9.0,0.0,24.0,17.0,3.0,6.0,3.0,11.0,0.0,2.0,3.0,8.0,2.0,0.0,2.0,1.0,0.0,0.0,1.0,1.0,0.0,0.0,0.0,0.0,0.0,0.0,4.0,2.0,0.0,0.0,0.0,0.0,0.0,0.0,0.0,0.0,0.0,0.0,0.0,0.0,0.0,246.0
MIDDLEBOROUGH,20.0,1.0,5.0,97.0,0.0,48.0,153.0,39.0,111.0,24.0,1.0,77.0,24.0,11.0,12.0,18.0,36.0,10.0,12.0,7.0,32.0,4.0,0.0,9.0,6.0,0.0,2.0,12.0,1.0,0.0,0.0,0.0,4.0,0.0,3.0,1.0,0.0,1.0,0.0,0.0,1.0,1.0,0.0,0.0,0.0,0.0,0.0,0.0,0.0,0.0,783.0
NORWELL,4.0,1.0,1.0,23.0,1.0,4.0,8.0,6.0,12.0,5.0,0.0,7.0,7.0,10.0,1.0,3.0,10.0,1.0,0.0,0.0,7.0,2.0,0.0,4.0,0.0,0.0,1.0,0.0,0.0,0.0,0.0,0.0,0.0,0.0,0.0,0.0,0.0,0.0,0.0,0.0,0.0,0.0,0.0,0.0,0.0,0.0,0.0,0.0,0.0,0.0,118.0
PEMBROKE,32.0,2.0,2.0,33.0,1.0,14.0,48.0,9.0,31.0,10.0,0.0,10.0,24.0,22.0,2.0,3.0,16.0,3.0,1.0,2.0,7.0,0.0,3.0,4.0,0.0,0.0,0.0,4.0,1.0,0.0,0.0,0.0,0.0,0.0,1.0,0.0,0.0,0.0,0.0,0.0,0.0,0.0,0.0,0.0,0.0,0.0,0.0,0.0,0.0,0.0,285.0
PLYMOUTH,38.0,10.0,6.0,150.0,0.0,46.0,317.0,87.0,264.0,86.0,0.0,155.0,77.0,142.0,21.0,23.0,72.0,16.0,25.0,17.0,83.0,5.0,4.0,19.0,17.0,0.0,0.0,31.0,6.0,1.0,0.0,0.0,3.0,0.0,0.0,7.0,4.0,0.0,0.0,0.0,3.0,1.0,0.0,1.0,1.0,0.0,0.0,0.0,0.0,0.0,1738.0
PLYMPTON,5.0,0.0,0.0,13.0,0.0,12.0,14.0,6.0,12.0,5.0,0.0,4.0,0.0,0.0,0.0,1.0,4.0,1.0,0.0,0.0,0.0,0.0,2.0,1.0,1.0,0.0,0.0,0.0,0.0,0.0,0.0,0.0,0.0,0.0,0.0,0.0,0.0,0.0,0.0,0.0,0.0,0.0,0.0,0.0,0.0,0.0,0.0,0.0,0.0,0.0,81.0
ROCHESTER,4.0,0.0,5.0,12.0,0.0,4.0,16.0,3.0,11.0,8.0,0.0,4.0,5.0,0.0,1.0,2.0,6.0,3.0,0.0,2.0,6.0,0.0,0.0,5.0,1.0,0.0,0.0,0.0,2.0,0.0,0.0,0.0,0.0,0.0,0.0,0.0,0.0,0.0,0.0,0.0,0.0,0.0,0.0,0.0,0.0,0.0,0.0,0.0,0.0,0.0,100.0
SCITUATE,9.0,0.0,1.0,26.0,0.0,11.0,40.0,8.0,28.0,4.0,0.0,11.0,8.0,3.0,3.0,1.0,12.0,7.0,2.0,3.0,20.0,1.0,0.0,1.0,0.0,0.0,0.0,3.0,0.0,0.0,0.0,0.0,0.0,0.0,0.0,1.0,1.0,0.0,0.0,0.0,0.0,0.0,1.0,0.0,0.0,0.0,0.0,0.0,0.0,0.0,205.0
WAREHAM,14.0,4.0,1.0,182.0,0.0,11.0,116.0,59.0,150.0,39.0,1.0,113.0,23.0,60.0,11.0,28.0,44.0,6.0,17.0,6.0,48.0,4.0,6.0,22.0,15.0,0.0,1.0,11.0,1.0,1.0,0.0,0.0,2.0,0.0,0.0,13.0,8.0,0.0,0.0,0.0,1.0,1.0,0.0,0.0,0.0,0.0,0.0,0.0,0.0,0.0,1019.0
WEST BRIDGEWATER,11.0,0.0,0.0,30.0,0.0,26.0,16.0,7.0,16.0,6.0,0.0,5.0,8.0,14.0,1.0,3.0,32.0,3.0,4.0,0.0,5.0,0.0,0.0,10.0,1.0,0.0,1.0,0.0,0.0,0.0,0.0,1.0,0.0,0.0,1.0,0.0,0.0,0.0,0.0,0.0,0.0,0.0,0.0,0.0,0.0,0.0,0.0,0.0,0.0,0.0,201.0
WHITMAN,5.0,1.0,2.0,45.0,1.0,6.0,54.0,15.0,57.0,18.0,0.0,28.0,26.0,27.0,5.0,10.0,16.0,2.0,2.0,1.0,9.0,2.0,0.0,6.0,2.0,0.0,0.0,1.0,1.0,0.0,0.0,0.0,1.0,0.0,0.0,0.0,0.0,0.0,0.0,0.0,0.0,0.0,0.0,0.0,0.0,0.0,0.0,0.0,0.0,0.0,343.0
CHELSEA,45.0,16.0,6.0,42.0,30.0,110.0,485.0,79.0,317.0,196.0,0.0,162.0,60.0,101.0,46.0,79.0,65.0,18.0,20.0,18.0,130.0,11.0,4.0,25.0,63.0,0.0,0.0,26.0,9.0,0.0,0.0,0.0,1.0,0.0,0.0,10.0,7.0,0.0,0.0,1.0,0.0,4.0,0.0,0.0,6.0,0.0,0.0,0.0,0.0,0.0,2192.0
REVERE,63.0,17.0,10.0,309.0,6.0,105.0,296.0,102.0,274.0,126.0,0.0,174.0,64.0,205.0,17.0,85.0,91.0,14.0,22.0,7.0,77.0,5.0,5.0,20.0,34.0,0.0,0.0,24.0,4.0,3.0,0.0,0.0,1.0,0.0,0.0,14.0,8.0,0.0,2.0,1.0,0.0,3.0,0.0,0.0,0.0,0.0,0.0,0.0,0.0,0.0,2188.0
WINTHROP,15.0,3.0,0.0,43.0,4.0,20.0,40.0,24.0,66.0,20.0,0.0,18.0,18.0,6.0,6.0,8.0,19.0,5.0,5.0,0.0,15.0,1.0,0.0,5.0,2.0,0.0,0.0,5.0,0.0,0.0,0.0,0.0,1.0,0.0,2.0,0.0,2.0,0.0,0.0,0.0,0.0,0.0,0.0,0.0,0.0,0.0,0.0,0.0,0.0,0.0,353.0
ATHOL,7.0,0.0,0.0,79.0,0.0,6.0,89.0,19.0,62.0,8.0,1.0,40.0,25.0,13.0,9.0,3.0,20.0,1.0,1.0,10.0,31.0,1.0,3.0,4.0,4.0,0.0,1.0,6.0,0.0,0.0,0.0,0.0,1.0,0.0,0.0,1.0,0.0,0.0,0.0,0.0,0.0,0.0,0.0,0.0,0.0,0.0,0.0,0.0,0.0,0.0,445.0
AUBURN,21.0,2.0,0.0,199.0,0.0,17.0,54.0,29.0,68.0,7.0,0.0,24.0,30.0,74.0,3.0,9.0,45.0,10.0,21.0,0.0,4.0,0.0,3.0,15.0,1.0,0.0,0.0,3.0,1.0,0.0,1.0,2.0,3.0,0.0,1.0,2.0,2.0,0.0,1.0,0.0,0.0,1.0,0.0,0.0,0.0,0.0,0.0,0.0,0.0,0.0,653.0
BERLIN,2.0,0.0,1.0,17.0,0.0,0.0,1.0,4.0,9.0,1.0,0.0,0.0,3.0,6.0,0.0,1.0,3.0,1.0,0.0,0.0,4.0,0.0,0.0,2.0,1.0,0.0,3.0,2.0,0.0,0.0,0.0,0.0,0.0,0.0,0.0,0.0,1.0,0.0,0.0,0.0,0.0,0.0,0.0,0.0,0.0,0.0,0.0,0.0,0.0,0.0,62.0
BLACKSTONE,3.0,0.0,1.0,10.0,1.0,5.0,38.0,11.0,23.0,7.0,1.0,1.0,3.0,2.0,1.0,5.0,1.0,0.0,0.0,0.0,6.0,0.0,0.0,1.0,1.0,0.0,0.0,1.0,0.0,0.0,0.0,0.0,0.0,0.0,0.0,0.0,0.0,0.0,0.0,0.0,0.0,0.0,0.0,0.0,0.0,0.0,0.0,0.0,0.0,0.0,122.0
BOLTON,8.0,0.0,4.0,21.0,0.0,2.0,9.0,9.0,27.0,6.0,0.0,0.0,10.0,0.0,2.0,2.0,10.0,2.0,0.0,0.0,2.0,0.0,1.0,5.0,0.0,1.0,0.0,0.0,0.0,0.0,0.0,0.0,0.0,0.0,1.0,0.0,0.0,0.0,0.0,0.0,0.0,0.0,0.0,0.0,0.0,1.0,0.0,0.0,0.0,0.0,123.0
CHARLTON,25.0,0.0,3.0,52.0,2.0,8.0,46.0,11.0,43.0,18.0,0.0,11.0,6.0,2.0,3.0,8.0,23.0,1.0,7.0,3.0,8.0,0.0,2.0,5.0,1.0,0.0,1.0,0.0,0.0,0.0,0.0,0.0,1.0,0.0,0.0,2.0,2.0,0.0,0.0,0.0,1.0,0.0,0.0,0.0,0.0,0.0,0.0,0.0,0.0,0.0,295.0
DOUGLAS,4.0,1.0,0.0,8.0,0.0,4.0,19.0,4.0,9.0,11.0,0.0,17.0,23.0,1.0,9.0,2.0,9.0,0.0,1.0,3.0,2.0,0.0,0.0,2.0,1.0,0.0,1.0,1.0,1.0,0.0,0.0,0.0,0.0,0.0,0.0,0.0,0.0,0.0,0.0,0.0,0.0,0.0,0.0,0.0,0.0,0.0,0.0,0.0,0.0,0.0,133.0
DUDLEY,3.0,0.0,3.0,11.0,0.0,3.0,74.0,7.0,22.0,11.0,0.0,15.0,18.0,3.0,3.0,3.0,8.0,0.0,2.0,4.0,5.0,1.0,0.0,4.0,1.0,0.0,0.0,6.0,0.0,0.0,0.0,0.0,1.0,0.0,0.0,1.0,2.0,0.0,0.0,0.0,1.0,0.0,0.0,0.0,0.0,0.0,0.0,0.0,0.0,0.0,212.0
EAST BROOKFIELD,3.0,0.0,0.0,4.0,0.0,0.0,3.0,2.0,2.0,4.0,0.0,3.0,0.0,0.0,1.0,1.0,3.0,1.0,0.0,0.0,1.0,0.0,0.0,0.0,0.0,0.0,0.0,1.0,0.0,0.0,0.0,0.0,0.0,0.0,0.0,0.0,0.0,0.0,0.0,0.0,0.0,0.0,0.0,0.0,0.0,0.0,0.0,0.0,0.0,0.0,29.0
FITCHBURG,40.0,20.0,7.0,169.0,13.0,67.0,237.0,113.0,317.0,42.0,0.0,154.0,81.0,71.0,44.0,40.0,62.0,17.0,23.0,4.0,74.0,7.0,3.0,34.0,36.0,1.0,0.0,22.0,2.0,0.0,2.0,0.0,2.0,0.0,1.0,3.0,3.0,0.0,0.0,0.0,0.0,11.0,0.0,0.0,0.0,0.0,0.0,0.0,0.0,0.0,1722.0
GARDNER,14.0,5.0,5.0,136.0,0.0,23.0,196.0,65.0,136.0,30.0,0.0,58.0,47.0,81.0,8.0,28.0,62.0,4.0,6.0,9.0,42.0,1.0,0.0,9.0,4.0,0.0,0.0,18.0,0.0,0.0,0.0,0.0,1.0,0.0,0.0,3.0,2.0,0.0,0.0,0.0,0.0,0.0,0.0,0.0,0.0,0.0,0.0,0.0,0.0,0.0,993.0
GRAFTON,9.0,1.0,1.0,28.0,1.0,9.0,38.0,13.0,28.0,7.0,0.0,15.0,6.0,1.0,2.0,5.0,16.0,4.0,3.0,2.0,7.0,0.0,0.0,2.0,2.0,1.0,3.0,0.0,0.0,0.0,0.0,0.0,0.0,0.0,1.0,0.0,0.0,0.0,0.0,0.0,0.0,0.0,0.0,0.0,0.0,0.0,0.0,0.0,0.0,0.0,205.0
HARDWICK,4.0,4.0,0.0,15.0,0.0,0.0,15.0,6.0,25.0,2.0,0.0,6.0,10.0,2.0,1.0,2.0,3.0,0.0,3.0,0.0,6.0,0.0,0.0,0.0,0.0,0.0,1.0,0.0,0.0,0.0,0.0,0.0,0.0,0.0,0.0,0.0,0.0,0.0,0.0,0.0,0.0,0.0,0.0,0.0,0.0,0.0,0.0,0.0,0.0,0.0,105.0
HARVARD,35.0,0.0,1.0,63.0,0.0,1.0,6.0,8.0,12.0,4.0,0.0,3.0,0.0,0.0,0.0,0.0,37.0,7.0,1.0,0.0,3.0,0.0,0.0,5.0,0.0,0.0,0.0,1.0,0.0,0.0,0.0,0.0,1.0,0.0,2.0,1.0,0.0,0.0,0.0,0.0,0.0,0.0,0.0,0.0,0.0,0.0,0.0,0.0,0.0,0.0,191.0
HOLDEN,6.0,0.0,1.0,19.0,0.0,4.0,19.0,8.0,14.0,6.0,0.0,3.0,12.0,6.0,0.0,7.0,7.0,3.0,3.0,5.0,8.0,0.0,0.0,2.0,0.0,0.0,1.0,7.0,0.0,0.0,1.0,0.0,0.0,0.0,0.0,1.0,0.0,0.0,0.0,0.0,0.0,1.0,0.0,0.0,0.0,0.0,0.0,0.0,0.0,0.0,144.0
LANCASTER,5.0,1.0,2.0,27.0,0.0,4.0,13.0,12.0,29.0,9.0,0.0,9.0,1.0,2.0,2.0,4.0,11.0,5.0,4.0,1.0,6.0,0.0,0.0,1.0,0.0,0.0,1.0,0.0,0.0,0.0,0.0,0.0,1.0,0.0,0.0,0.0,0.0,0.0,1.0,0.0,0.0,0.0,0.0,0.0,0.0,0.0,0.0,0.0,0.0,0.0,151.0
LEICESTER,14.0,2.0,3.0,41.0,0.0,13.0,16.0,11.0,28.0,7.0,0.0,23.0,14.0,76.0,6.0,7.0,18.0,2.0,2.0,7.0,9.0,1.0,2.0,4.0,2.0,0.0,1.0,7.0,0.0,0.0,0.0,0.0,0.0,0.0,0.0,0.0,0.0,0.0,0.0,0.0,0.0,0.0,0.0,0.0,0.0,0.0,0.0,0.0,0.0,0.0,316.0
LEOMINSTER,33.0,15.0,7.0,288.0,0.0,117.0,365.0,126.0,273.0,163.0,0.0,174.0,60.0,253.0,18.0,27.0,133.0,21.0,22.0,8.0,57.0,1.0,4.0,46.0,12.0,0.0,0.0,13.0,7.0,2.0,0.0,1.0,1.0,0.0,1.0,7.0,9.0,0.0,0.0,0.0,1.0,2.0,0.0,0.0,0.0,0.0,0.0,0.0,0.0,0.0,2267.0
LUNENBURG,4.0,0.0,2.0,35.0,3.0,10.0,31.0,30.0,55.0,8.0,0.0,15.0,13.0,83.0,5.0,8.0,27.0,6.0,3.0,0.0,13.0,0.0,0.0,7.0,0.0,0.0,3.0,3.0,2.0,0.0,0.0,0.0,0.0,0.0,0.0,1.0,2.0,0.0,0.0,0.0,0.0,0.0,0.0,0.0,0.0,0.0,0.0,0.0,0.0,0.0,369.0
MENDON,2.0,0.0,2.0,16.0,0.0,1.0,11.0,4.0,14.0,4.0,0.0,4.0,6.0,1.0,0.0,3.0,12.0,1.0,2.0,3.0,5.0,0.0,1.0,3.0,0.0,0.0,1.0,0.0,0.0,0.0,0.0,0.0,0.0,0.0,0.0,1.0,2.0,0.0,0.0,0.0,1.0,0.0,0.0,0.0,0.0,0.0,0.0,0.0,0.0,0.0,100.0
MILFORD,31.0,0.0,3.0,99.0,0.0,21.0,185.0,19.0,95.0,31.0,1.0,35.0,25.0,44.0,3.0,22.0,42.0,11.0,8.0,6.0,54.0,3.0,0.0,12.0,2.0,0.0,0.0,13.0,1.0,0.0,0.0,2.0,1.0,0.0,2.0,2.0,2.0,0.0,1.0,1.0,0.0,2.0,0.0,0.0,0.0,0.0,0.0,0.0,0.0,0.0,779.0
MILLBURY,26.0,3.0,1.0,56.0,6.0,9.0,45.0,22.0,41.0,13.0,0.0,16.0,21.0,49.0,3.0,11.0,29.0,9.0,4.0,1.0,13.0,0.0,1.0,7.0,1.0,0.0,1.0,1.0,0.0,0.0,0.0,0.0,1.0,0.0,0.0,0.0,0.0,0.0,0.0,0.0,0.0,2.0,0.0,0.0,0.0,0.0,0.0,0.0,0.0,0.0,392.0
MILLVILLE,4.0,0.0,1.0,9.0,0.0,7.0,2.0,3.0,20.0,2.0,0.0,0.0,0.0,1.0,1.0,1.0,2.0,2.0,3.0,1.0,0.0,0.0,0.0,2.0,0.0,0.0,1.0,0.0,0.0,0.0,0.0,0.0,1.0,0.0,0.0,0.0,0.0,0.0,0.0,0.0,0.0,0.0,0.0,0.0,0.0,0.0,0.0,0.0,0.0,0.0,63.0
NORTHBRIDGE,14.0,1.0,0.0,92.0,1.0,13.0,31.0,25.0,71.0,7.0,0.0,16.0,16.0,31.0,2.0,13.0,28.0,4.0,3.0,6.0,23.0,2.0,0.0,6.0,3.0,0.0,0.0,5.0,1.0,0.0,0.0,0.0,0.0,0.0,1.0,0.0,0.0,0.0,0.0,0.0,0.0,0.0,0.0,0.0,0.0,0.0,0.0,0.0,0.0,0.0,415.0
OXFORD,7.0,4.0,2.0,42.0,0.0,3.0,50.0,11.0,63.0,8.0,0.0,20.0,15.0,101.0,7.0,11.0,37.0,3.0,2.0,3.0,5.0,3.0,1.0,7.0,5.0,0.0,1.0,4.0,0.0,0.0,0.0,0.0,2.0,0.0,0.0,1.0,1.0,0.0,0.0,0.0,1.0,1.0,0.0,0.0,0.0,0.0,0.0,0.0,0.0,0.0,421.0
PRINCETON,1.0,0.0,0.0,5.0,0.0,0.0,7.0,2.0,8.0,3.0,0.0,0.0,1.0,0.0,1.0,0.0,1.0,1.0,0.0,0.0,0.0,0.0,0.0,1.0,0.0,0.0,0.0,0.0,0.0,0.0,0.0,0.0,0.0,0.0,0.0,0.0,0.0,0.0,0.0,0.0,1.0,0.0,0.0,0.0,0.0,0.0,0.0,0.0,0.0,0.0,32.0
RUTLAND,10.0,0.0,2.0,13.0,0.0,3.0,28.0,4.0,26.0,19.0,0.0,17.0,4.0,1.0,2.0,3.0,9.0,3.0,5.0,2.0,4.0,0.0,0.0,2.0,0.0,0.0,1.0,1.0,0.0,0.0,0.0,0.0,0.0,0.0,1.0,0.0,0.0,1.0,0.0,0.0,0.0,0.0,0.0,0.0,0.0,0.0,0.0,0.0,0.0,0.0,161.0
SOUTHBOROUGH,11.0,0.0,1.0,8.0,1.0,2.0,9.0,2.0,10.0,8.0,0.0,5.0,4.0,2.0,1.0,2.0,9.0,3.0,2.0,0.0,7.0,1.0,0.0,3.0,1.0,0.0,1.0,4.0,0.0,0.0,0.0,0.0,0.0,0.0,0.0,0.0,0.0,0.0,0.0,0.0,0.0,0.0,0.0,0.0,0.0,0.0,0.0,0.0,0.0,0.0,97.0
SOUTHBRIDGE,14.0,4.0,6.0,128.0,0.0,44.0,96.0,55.0,133.0,63.0,0.0,65.0,113.0,78.0,21.0,14.0,46.0,8.0,4.0,10.0,24.0,0.0,3.0,10.0,9.0,0.0,4.0,6.0,3.0,0.0,1.0,0.0,1.0,0.0,1.0,0.0,1.0,0.0,0.0,0.0,2.0,0.0,0.0,0.0,0.0,0.0,0.0,0.0,0.0,0.0,967.0
SPENCER,10.0,1.0,0.0,37.0,1.0,2.0,24.0,14.0,43.0,1.0,17.0,12.0,7.0,7.0,2.0,7.0,2.0,6.0,0.0,0.0,4.0,2.0,0.0,1.0,0.0,1.0,0.0,1.0,0.0,0.0,0.0,0.0,0.0,0.0,0.0,0.0,0.0,0.0,0.0,0.0,0.0,0.0,0.0,0.0,0.0,0.0,0.0,0.0,0.0,0.0,202.0
STERLING,10.0,0.0,0.0,13.0,0.0,4.0,14.0,9.0,19.0,5.0,0.0,7.0,3.0,0.0,1.0,2.0,6.0,3.0,1.0,0.0,7.0,0.0,0.0,3.0,0.0,0.0,0.0,1.0,0.0,0.0,0.0,0.0,0.0,0.0,0.0,1.0,0.0,0.0,0.0,0.0,0.0,0.0,0.0,0.0,0.0,0.0,0.0,0.0,0.0,0.0,109.0
STURBRIDGE,3.0,5.0,1.0,41.0,0.0,12.0,61.0,15.0,50.0,29.0,0.0,19.0,39.0,33.0,6.0,9.0,29.0,5.0,7.0,1.0,17.0,0.0,2.0,9.0,2.0,1.0,0.0,1.0,0.0,1.0,1.0,0.0,0.0,0.0,0.0,0.0,3.0,0.0,1.0,2.0,0.0,0.0,0.0,0.0,0.0,0.0,0.0,0.0,0.0,0.0,405.0
SUTTON,18.0,1.0,0.0,29.0,1.0,0.0,14.0,17.0,19.0,11.0,0.0,10.0,17.0,7.0,3.0,5.0,25.0,6.0,1.0,0.0,9.0,1.0,0.0,6.0,1.0,0.0,0.0,0.0,0.0,0.0,0.0,0.0,0.0,0.0,0.0,0.0,0.0,0.0,0.0,0.0,0.0,0.0,0.0,0.0,1.0,0.0,0.0,0.0,0.0,0.0,202.0
TEMPLETON,4.0,1.0,2.0,9.0,0.0,2.0,35.0,8.0,16.0,3.0,0.0,13.0,3.0,2.0,0.0,3.0,5.0,2.0,1.0,6.0,4.0,0.0,0.0,0.0,1.0,1.0,0.0,1.0,0.0,0.0,0.0,0.0,0.0,0.0,0.0,0.0,0.0,0.0,0.0,0.0,0.0,0.0,0.0,0.0,0.0,0.0,0.0,0.0,0.0,0.0,122.0
UPTON,14.0,0.0,1.0,13.0,0.0,0.0,11.0,3.0,18.0,16.0,0.0,2.0,11.0,0.0,5.0,3.0,9.0,4.0,1.0,0.0,2.0,2.0,2.0,2.0,0.0,0.0,1.0,1.0,0.0,0.0,0.0,0.0,0.0,0.0,0.0,0.0,0.0,0.0,0.0,0.0,0.0,0.0,0.0,0.0,0.0,0.0,0.0,0.0,0.0,0.0,121.0
UXBRIDGE,15.0,0.0,1.0,33.0,0.0,5.0,44.0,12.0,37.0,15.0,0.0,15.0,16.0,13.0,1.0,8.0,23.0,3.0,1.0,5.0,9.0,1.0,0.0,7.0,0.0,0.0,1.0,4.0,1.0,0.0,0.0,0.0,0.0,0.0,0.0,2.0,0.0,0.0,0.0,0.0,0.0,1.0,0.0,0.0,0.0,0.0,0.0,0.0,0.0,0.0,273.0
WARREN,2.0,0.0,3.0,5.0,0.0,0.0,8.0,8.0,8.0,6.0,0.0,4.0,9.0,1.0,1.0,0.0,3.0,3.0,3.0,1.0,2.0,0.0,0.0,0.0,0.0,0.0,0.0,1.0,0.0,0.0,0.0,0.0,1.0,0.0,0.0,0.0,0.0,0.0,0.0,0.0,0.0,0.0,0.0,0.0,0.0,0.0,0.0,0.0,0.0,0.0,69.0
WEBSTER,13.0,5.0,3.0,77.0,0.0,14.0,198.0,53.0,107.0,38.0,1.0,74.0,47.0,19.0,10.0,25.0,30.0,4.0,16.0,4.0,27.0,4.0,2.0,10.0,10.0,0.0,0.0,12.0,7.0,0.0,1.0,1.0,1.0,0.0,0.0,0.0,0.0,1.0,0.0,0.0,1.0,1.0,0.0,0.0,0.0,0.0,0.0,0.0,0.0,0.0,816.0
WEST BOYLSTON,9.0,0.0,0.0,19.0,0.0,5.0,17.0,7.0,18.0,4.0,2.0,6.0,10.0,16.0,1.0,3.0,12.0,3.0,1.0,1.0,8.0,0.0,1.0,0.0,2.0,0.0,4.0,1.0,0.0,0.0,1.0,0.0,0.0,0.0,0.0,0.0,1.0,0.0,0.0,0.0,0.0,0.0,0.0,0.0,0.0,1.0,0.0,0.0,0.0,0.0,153.0
WESTBOROUGH,19.0,4.0,1.0,86.0,2.0,13.0,51.0,38.0,55.0,29.0,1.0,9.0,7.0,22.0,2.0,11.0,33.0,15.0,0.0,2.0,16.0,0.0,0.0,7.0,2.0,0.0,9.0,6.0,0.0,0.0,0.0,1.0,0.0,0.0,2.0,1.0,2.0,1.0,0.0,0.0,0.0,0.0,0.0,0.0,0.0,0.0,0.0,0.0,0.0,0.0,447.0
WESTMINSTER,6.0,0.0,2.0,31.0,0.0,2.0,8.0,4.0,13.0,7.0,0.0,10.0,5.0,1.0,1.0,1.0,7.0,6.0,0.0,2.0,10.0,0.0,1.0,3.0,0.0,0.0,0.0,3.0,1.0,0.0,0.0,0.0,1.0,0.0,0.0,0.0,0.0,0.0,0.0,0.0,0.0,0.0,0.0,0.0,0.0,0.0,0.0,0.0,0.0,0.0,125.0
WINCHENDON,11.0,8.0,7.0,66.0,0.0,6.0,109.0,20.0,90.0,33.0,0.0,28.0,20.0,5.0,10.0,17.0,18.0,1.0,1.0,5.0,41.0,3.0,0.0,6.0,0.0,0.0,0.0,5.0,1.0,0.0,0.0,0.0,1.0,0.0,0.0,0.0,0.0,0.0,0.0,1.0,2.0,0.0,0.0,0.0,0.0,0.0,0.0,0.0,0.0,0.0,515.0
WORCESTER,8.0,44.0,10.0,744.0,180.0,764.0,1461.0,879.0,1344.0,538.0,98.0,757.0,489.0,789.0,139.0,350.0,325.0,406.0,62.0,4.0,369.0,6.0,43.0,123.0,290.0,1.0,269.0,45.0,49.0,1.0,5.0,4.0,9.0,0.0,13.0,4.0,2.0,14.0,13.0,2.0,0.0,54.0,0.0,2.0,0.0,0.0,0.0,3.0,0.0,0.0,10712.0
WELLFLEET,0.0,3.0,0.0,20.0,0.0,6.0,5.0,4.0,23.0,1.0,0.0,4.0,3.0,0.0,1.0,0.0,2.0,1.0,0.0,0.0,6.0,0.0,0.0,0.0,0.0,0.0,0.0,1.0,1.0,0.0,0.0,0.0,0.0,0.0,0.0,0.0,0.0,0.0,0.0,0.0,0.0,0.0,0.0,0.0,0.0,0.0,0.0,0.0,0.0,0.0,81.0
ANDOVER,0.0,4.0,0.0,90.0,7.0,31.0,74.0,28.0,63.0,4.0,5.0,10.0,55.0,4.0,0.0,7.0,27.0,36.0,0.0,0.0,15.0,1.0,0.0,6.0,1.0,0.0,50.0,4.0,0.0,0.0,0.0,0.0,1.0,0.0,5.0,0.0,0.0,5.0,0.0,0.0,0.0,0.0,0.0,0.0,0.0,0.0,0.0,0.0,0.0,0.0,533.0
MARBLEHEAD,0.0,7.0,1.0,53.0,0.0,17.0,38.0,12.0,57.0,14.0,2.0,12.0,3.0,4.0,3.0,2.0,31.0,8.0,4.0,1.0,24.0,2.0,1.0,3.0,1.0,0.0,1.0,1.0,0.0,0.0,0.0,0.0,0.0,0.0,1.0,2.0,0.0,0.0,0.0,0.0,1.0,0.0,0.0,0.0,0.0,0.0,0.0,0.0,0.0,0.0,306.0
MIDDLETON,0.0,1.0,0.0,35.0,0.0,4.0,12.0,6.0,18.0,5.0,0.0,15.0,2.0,1.0,2.0,2.0,1.0,0.0,3.0,0.0,0.0,0.0,0.0,51.0,0.0,0.0,0.0,0.0,0.0,0.0,0.0,0.0,0.0,0.0,0.0,0.0,0.0,0.0,0.0,0.0,0.0,0.0,3.0,0.0,0.0,0.0,0.0,0.0,0.0,0.0,161.0
SWAMPSCOTT,0.0,1.0,0.0,80.0,1.0,42.0,34.0,25.0,39.0,0.0,0.0,5.0,7.0,18.0,0.0,7.0,28.0,9.0,0.0,0.0,2.0,0.0,1.0,4.0,1.0,0.0,0.0,3.0,0.0,0.0,0.0,0.0,0.0,0.0,0.0,1.0,0.0,0.0,0.0,0.0,0.0,0.0,0.0,0.0,0.0,0.0,0.0,0.0,0.0,0.0,308.0
HOLLAND,0.0,1.0,1.0,2.0,0.0,1.0,3.0,4.0,1.0,3.0,0.0,1.0,1.0,0.0,1.0,0.0,3.0,0.0,1.0,2.0,6.0,0.0,0.0,1.0,0.0,0.0,0.0,0.0,0.0,0.0,1.0,0.0,0.0,0.0,0.0,0.0,0.0,0.0,0.0,0.0,0.0,0.0,0.0,0.0,0.0,0.0,0.0,0.0,0.0,0.0,33.0
BEDFORD,0.0,2.0,0.0,11.0,1.0,18.0,8.0,9.0,3.0,1.0,0.0,5.0,9.0,6.0,1.0,1.0,15.0,1.0,2.0,0.0,11.0,0.0,0.0,2.0,1.0,0.0,0.0,1.0,0.0,0.0,0.0,0.0,0.0,0.0,0.0,0.0,0.0,0.0,0.0,0.0,0.0,0.0,0.0,0.0,0.0,0.0,0.0,1.0,0.0,0.0,109.0
BILLERICA,0.0,1.0,5.0,35.0,15.0,28.0,90.0,40.0,99.0,40.0,29.0,19.0,64.0,19.0,4.0,9.0,21.0,29.0,0.0,1.0,26.0,0.0,1.0,10.0,7.0,43.0,38.0,4.0,1.0,0.0,0.0,5.0,2.0,0.0,2.0,0.0,0.0,6.0,0.0,0.0,0.0,0.0,0.0,0.0,0.0,0.0,0.0,0.0,0.0,0.0,693.0
MALDEN,0.0,10.0,4.0,253.0,3.0,93.0,314.0,67.0,231.0,46.0,0.0,128.0,40.0,75.0,19.0,74.0,59.0,21.0,0.0,2.0,28.0,0.0,1.0,20.0,35.0,0.0,0.0,8.0,7.0,0.0,0.0,0.0,0.0,0.0,0.0,16.0,0.0,0.0,0.0,0.0,0.0,4.0,0.0,0.0,0.0,0.0,1.0,0.0,0.0,0.0,1559.0
FRANKLIN,0.0,8.0,0.0,54.0,1.0,17.0,83.0,4.0,23.0,2.0,0.0,3.0,0.0,1.0,0.0,4.0,0.0,8.0,0.0,2.0,4.0,0.0,0.0,1.0,1.0,0.0,0.0,2.0,0.0,0.0,0.0,0.0,0.0,0.0,0.0,0.0,0.0,0.0,0.0,0.0,0.0,0.0,0.0,0.0,0.0,0.0,0.0,0.0,0.0,0.0,218.0
MILTON,0.0,2.0,1.0,9.0,1.0,18.0,24.0,23.0,20.0,0.0,0.0,6.0,4.0,0.0,0.0,8.0,0.0,1.0,1.0,0.0,0.0,0.0,0.0,1.0,2.0,0.0,7.0,3.0,0.0,0.0,0.0,0.0,0.0,0.0,1.0,0.0,1.0,0.0,0.0,0.0,0.0,0.0,0.0,0.0,0.0,0.0,0.0,0.0,0.0,0.0,133.0
RANDOLPH,0.0,12.0,2.0,200.0,7.0,36.0,223.0,74.0,188.0,63.0,12.0,56.0,39.0,76.0,8.0,33.0,27.0,23.0,0.0,1.0,29.0,0.0,1.0,14.0,18.0,20.0,0.0,14.0,1.0,0.0,0.0,0.0,1.0,0.0,1.0,1.0,0.0,0.0,0.0,3.0,1.0,2.0,0.0,0.0,0.0,0.0,0.0,0.0,0.0,0.0,1186.0
MATTAPOISETT,0.0,1.0,0.0,18.0,0.0,0.0,10.0,12.0,12.0,8.0,0.0,10.0,9.0,1.0,3.0,2.0,4.0,3.0,5.0,2.0,4.0,0.0,0.0,1.0,0.0,0.0,1.0,3.0,0.0,0.0,0.0,0.0,0.0,0.0,0.0,0.0,0.0,0.0,0.0,0.0,0.0,0.0,0.0,0.0,0.0,0.0,0.0,0.0,0.0,0.0,109.0
ASHBURNHAM,0.0,2.0,1.0,17.0,0.0,0.0,13.0,4.0,27.0,6.0,2.0,5.0,4.0,0.0,1.0,3.0,9.0,2.0,0.0,0.0,0.0,0.0,0.0,0.0,0.0,0.0,0.0,1.0,0.0,0.0,0.0,0.0,0.0,0.0,0.0,0.0,0.0,0.0,0.0,0.0,0.0,0.0,0.0,0.0,0.0,0.0,0.0,0.0,0.0,0.0,97.0
BOYLSTON,0.0,1.0,0.0,5.0,0.0,0.0,6.0,7.0,2.0,1.0,0.0,2.0,1.0,0.0,0.0,1.0,0.0,5.0,0.0,1.0,0.0,0.0,0.0,0.0,0.0,0.0,0.0,1.0,0.0,0.0,0.0,0.0,0.0,0.0,0.0,0.0,0.0,0.0,0.0,0.0,0.0,0.0,0.0,0.0,0.0,0.0,0.0,0.0,0.0,0.0,33.0
HOPEDALE,0.0,1.0,1.0,7.0,0.0,0.0,20.0,4.0,10.0,9.0,0.0,0.0,6.0,1.0,0.0,2.0,3.0,2.0,0.0,1.0,3.0,0.0,0.0,1.0,0.0,0.0,0.0,2.0,0.0,0.0,0.0,0.0,0.0,0.0,0.0,0.0,0.0,0.0,0.0,0.0,0.0,0.0,0.0,0.0,0.0,0.0,0.0,0.0,0.0,0.0,73.0
PAXTON,0.0,1.0,0.0,8.0,0.0,2.0,16.0,1.0,9.0,1.0,0.0,2.0,5.0,0.0,3.0,1.0,2.0,0.0,2.0,0.0,2.0,0.0,0.0,0.0,1.0,0.0,1.0,0.0,0.0,0.0,0.0,0.0,0.0,0.0,0.0,0.0,0.0,0.0,0.0,0.0,0.0,0.0,0.0,0.0,0.0,0.0,0.0,0.0,0.0,0.0,57.0
DALTON,0.0,0.0,1.0,19.0,0.0,10.0,8.0,5.0,15.0,6.0,0.0,10.0,2.0,0.0,0.0,5.0,3.0,1.0,0.0,2.0,1.0,0.0,0.0,4.0,0.0,0.0,0.0,4.0,0.0,0.0,0.0,0.0,0.0,0.0,0.0,0.0,0.0,0.0,0.0,0.0,0.0,0.0,0.0,0.0,0.0,0.0,0.0,0.0,0.0,0.0,96.0
GREAT BARRINGTON,0.0,0.0,1.0,30.0,0.0,4.0,30.0,5.0,22.0,3.0,0.0,13.0,7.0,9.0,2.0,3.0,2.0,0.0,1.0,0.0,6.0,0.0,0.0,4.0,3.0,0.0,0.0,2.0,1.0,0.0,0.0,0.0,0.0,0.0,0.0,0.0,0.0,0.0,0.0,0.0,0.0,0.0,1.0,0.0,0.0,0.0,0.0,0.0,0.0,0.0,149.0
OAK BLUFFS,0.0,0.0,1.0,43.0,0.0,0.0,32.0,9.0,26.0,4.0,0.0,23.0,4.0,19.0,1.0,3.0,7.0,0.0,0.0,1.0,4.0,0.0,1.0,1.0,0.0,0.0,0.0,0.0,0.0,0.0,0.0,0.0,0.0,0.0,0.0,1.0,0.0,0.0,0.0,0.0,0.0,0.0,0.0,0.0,0.0,0.0,0.0,0.0,0.0,0.0,180.0
WEST TISBURY,0.0,0.0,1.0,20.0,0.0,1.0,12.0,2.0,8.0,3.0,0.0,8.0,2.0,0.0,0.0,1.0,3.0,0.0,0.0,0.0,1.0,0.0,0.0,0.0,0.0,0.0,0.0,0.0,0.0,0.0,0.0,0.0,0.0,0.0,0.0,0.0,0.0,0.0,0.0,0.0,0.0,0.0,0.0,0.0,0.0,0.0,0.0,0.0,0.0,0.0,62.0
HOLYOKE,0.0,0.0,7.0,789.0,2.0,152.0,611.0,252.0,608.0,320.0,0.0,265.0,580.0,396.0,92.0,121.0,33.0,41.0,68.0,0.0,21.0,0.0,3.0,43.0,62.0,0.0,1.0,40.0,7.0,0.0,1.0,1.0,9.0,0.0,4.0,0.0,1.0,0.0,0.0,0.0,0.0,0.0,0.0,0.0,0.0,0.0,0.0,0.0,0.0,0.0,4530.0
SOUTHAMPTON,0.0,0.0,1.0,11.0,0.0,8.0,11.0,4.0,17.0,0.0,0.0,11.0,2.0,7.0,0.0,2.0,4.0,3.0,0.0,1.0,1.0,0.0,0.0,1.0,0.0,0.0,2.0,0.0,0.0,0.0,0.0,0.0,0.0,0.0,0.0,0.0,0.0,0.0,0.0,0.0,0.0,0.0,0.0,0.0,0.0,0.0,0.0,0.0,0.0,0.0,86.0
ACTON,0.0,0.0,2.0,55.0,5.0,24.0,62.0,27.0,67.0,18.0,0.0,18.0,8.0,12.0,1.0,4.0,66.0,28.0,0.0,1.0,31.0,2.0,4.0,10.0,2.0,0.0,35.0,5.0,0.0,1.0,1.0,0.0,0.0,0.0,4.0,0.0,0.0,0.0,0.0,0.0,0.0,2.0,0.0,0.0,0.0,0.0,0.0,0.0,0.0,0.0,495.0
WALTHAM,0.0,0.0,1.0,283.0,1.0,63.0,265.0,92.0,171.0,43.0,0.0,85.0,41.0,79.0,16.0,40.0,97.0,3.0,0.0,1.0,18.0,0.0,0.0,24.0,11.0,0.0,0.0,12.0,0.0,0.0,0.0,0.0,0.0,0.0,1.0,12.0,0.0,0.0,0.0,0.0,0.0,0.0,0.0,0.0,0.0,0.0,0.0,0.0,0.0,0.0,1359.0
LAKEVILLE,0.0,0.0,1.0,48.0,1.0,24.0,20.0,28.0,25.0,1.0,0.0,9.0,26.0,2.0,0.0,8.0,0.0,0.0,1.0,0.0,3.0,1.0,0.0,0.0,1.0,0.0,0.0,1.0,0.0,0.0,0.0,0.0,0.0,0.0,0.0,0.0,0.0,0.0,0.0,2.0,0.0,0.0,0.0,0.0,0.0,0.0,0.0,0.0,0.0,0.0,202.0
BARRE,0.0,0.0,2.0,4.0,0.0,3.0,24.0,8.0,14.0,15.0,0.0,11.0,18.0,2.0,3.0,1.0,2.0,3.0,1.0,3.0,2.0,0.0,0.0,1.0,0.0,1.0,0.0,2.0,0.0,0.0,0.0,0.0,2.0,0.0,0.0,0.0,0.0,0.0,0.0,0.0,0.0,0.0,0.0,0.0,0.0,0.0,0.0,0.0,0.0,0.0,122.0
NORTH ATTLEBOROUGH,0.0,0.0,0.0,102.0,0.0,88.0,105.0,27.0,64.0,6.0,27.0,19.0,8.0,133.0,1.0,7.0,0.0,30.0,1.0,0.0,0.0,0.0,11.0,15.0,2.0,0.0,5.0,7.0,0.0,0.0,0.0,0.0,0.0,0.0,0.0,0.0,0.0,0.0,0.0,0.0,0.0,0.0,0.0,0.0,0.0,0.0,0.0,0.0,0.0,0.0,658.0
NORTON,0.0,0.0,0.0,5.0,2.0,2.0,10.0,6.0,7.0,4.0,0.0,14.0,0.0,0.0,0.0,4.0,15.0,0.0,0.0,0.0,4.0,0.0,1.0,0.0,0.0,0.0,0.0,0.0,0.0,0.0,0.0,0.0,0.0,0.0,0.0,0.0,0.0,0.0,0.0,0.0,0.0,0.0,0.0,0.0,0.0,0.0,0.0,0.0,0.0,0.0,74.0
CHILMARK,0.0,0.0,0.0,9.0,0.0,0.0,3.0,0.0,2.0,0.0,0.0,0.0,0.0,0.0,0.0,0.0,5.0,0.0,0.0,0.0,0.0,0.0,0.0,1.0,0.0,0.0,0.0,0.0,0.0,0.0,0.0,0.0,0.0,0.0,0.0,0.0,0.0,0.0,0.0,0.0,0.0,0.0,0.0,0.0,0.0,0.0,0.0,0.0,0.0,0.0,20.0
EDGARTOWN,0.0,0.0,0.0,65.0,0.0,0.0,27.0,12.0,30.0,7.0,0.0,22.0,3.0,10.0,1.0,2.0,8.0,0.0,0.0,1.0,6.0,0.0,0.0,2.0,1.0,0.0,0.0,5.0,0.0,0.0,0.0,0.0,0.0,0.0,0.0,2.0,0.0,0.0,0.0,0.0,0.0,0.0,0.0,0.0,0.0,0.0,0.0,0.0,0.0,0.0,204.0
AQUINNAH,0.0,0.0,0.0,1.0,0.0,0.0,3.0,0.0,1.0,0.0,0.0,0.0,0.0,1.0,0.0,0.0,0.0,0.0,0.0,0.0,1.0,0.0,0.0,0.0,0.0,0.0,0.0,0.0,0.0,0.0,0.0,0.0,0.0,0.0,0.0,0.0,0.0,0.0,0.0,0.0,0.0,0.0,0.0,0.0,0.0,0.0,0.0,0.0,0.0,0.0,7.0
TISBURY,0.0,0.0,0.0,39.0,0.0,1.0,22.0,12.0,14.0,4.0,0.0,20.0,9.0,3.0,2.0,1.0,7.0,0.0,0.0,2.0,9.0,0.0,2.0,3.0,0.0,0.0,0.0,4.0,0.0,0.0,0.0,0.0,0.0,0.0,2.0,1.0,0.0,0.0,0.0,0.0,0.0,0.0,0.0,0.0,0.0,0.0,0.0,0.0,0.0,0.0,157.0
BOXFORD,0.0,0.0,0.0,12.0,0.0,6.0,1.0,0.0,18.0,1.0,1.0,0.0,0.0,0.0,0.0,0.0,5.0,10.0,0.0,0.0,2.0,0.0,0.0,0.0,0.0,0.0,0.0,2.0,0.0,0.0,0.0,0.0,0.0,0.0,2.0,0.0,0.0,2.0,0.0,0.0,0.0,0.0,0.0,0.0,0.0,0.0,0.0,0.0,0.0,0.0,62.0
NAHANT,0.0,0.0,0.0,5.0,0.0,0.0,3.0,1.0,9.0,4.0,0.0,5.0,0.0,0.0,0.0,0.0,2.0,1.0,0.0,1.0,1.0,0.0,0.0,1.0,1.0,0.0,0.0,0.0,0.0,0.0,0.0,0.0,0.0,0.0,1.0,0.0,0.0,0.0,0.0,0.0,0.0,0.0,0.0,0.0,0.0,0.0,0.0,0.0,0.0,0.0,35.0
ROCKPORT,0.0,0.0,0.0,2.0,0.0,1.0,17.0,3.0,16.0,2.0,0.0,2.0,2.0,2.0,1.0,0.0,4.0,1.0,1.0,0.0,5.0,0.0,0.0,1.0,0.0,0.0,0.0,2.0,0.0,0.0,0.0,0.0,0.0,0.0,0.0,0.0,0.0,0.0,0.0,0.0,0.0,0.0,0.0,0.0,0.0,0.0,0.0,0.0,0.0,0.0,62.0
TOPSFIELD,0.0,0.0,0.0,6.0,0.0,5.0,2.0,2.0,15.0,0.0,0.0,4.0,9.0,0.0,1.0,0.0,12.0,0.0,1.0,0.0,3.0,0.0,0.0,5.0,0.0,0.0,0.0,0.0,0.0,0.0,0.0,0.0,0.0,0.0,0.0,0.0,0.0,0.0,0.0,0.0,0.0,0.0,2.0,0.0,0.0,0.0,0.0,0.0,0.0,0.0,67.0
GOSHEN,0.0,0.0,0.0,2.0,0.0,0.0,0.0,0.0,0.0,0.0,0.0,0.0,0.0,0.0,0.0,0.0,0.0,0.0,0.0,0.0,1.0,0.0,0.0,0.0,0.0,0.0,0.0,0.0,0.0,0.0,0.0,0.0,0.0,0.0,0.0,0.0,0.0,0.0,0.0,0.0,0.0,0.0,0.0,0.0,0.0,0.0,0.0,0.0,0.0,0.0,3.0
HOPKINTON,0.0,0.0,0.0,20.0,1.0,4.0,30.0,0.0,12.0,0.0,0.0,1.0,4.0,0.0,3.0,1.0,8.0,2.0,0.0,0.0,4.0,0.0,0.0,1.0,1.0,0.0,1.0,0.0,0.0,0.0,0.0,0.0,0.0,0.0,0.0,0.0,0.0,0.0,0.0,0.0,0.0,0.0,0.0,0.0,0.0,0.0,0.0,0.0,0.0,0.0,93.0
LINCOLN,0.0,0.0,0.0,11.0,1.0,4.0,12.0,1.0,15.0,2.0,0.0,3.0,1.0,4.0,1.0,0.0,5.0,4.0,0.0,0.0,4.0,2.0,0.0,0.0,0.0,0.0,0.0,0.0,0.0,0.0,0.0,0.0,0.0,0.0,0.0,0.0,0.0,0.0,0.0,0.0,0.0,0.0,0.0,0.0,0.0,0.0,0.0,0.0,0.0,0.0,70.0
MEDFORD,0.0,0.0,0.0,298.0,7.0,81.0,180.0,86.0,150.0,54.0,0.0,54.0,62.0,47.0,4.0,51.0,72.0,3.0,0.0,1.0,16.0,0.0,2.0,23.0,9.0,0.0,0.0,6.0,3.0,0.0,0.0,0.0,2.0,0.0,0.0,7.0,0.0,0.0,0.0,0.0,0.0,2.0,0.0,0.0,0.0,0.0,0.0,0.0,0.0,0.0,1220.0
WINCHESTER,0.0,0.0,0.0,51.0,0.0,31.0,5.0,21.0,40.0,2.0,0.0,5.0,4.0,1.0,0.0,4.0,0.0,0.0,0.0,0.0,8.0,0.0,0.0,0.0,0.0,1.0,0.0,1.0,0.0,0.0,1.0,0.0,0.0,0.0,0.0,1.0,0.0,0.0,0.0,0.0,0.0,0.0,0.0,0.0,0.0,0.0,0.0,0.0,0.0,0.0,176.0
DEDHAM,0.0,0.0,0.0,129.0,0.0,36.0,48.0,12.0,73.0,0.0,1.0,5.0,5.0,115.0,0.0,33.0,11.0,38.0,0.0,0.0,10.0,0.0,6.0,3.0,2.0,0.0,0.0,0.0,0.0,0.0,0.0,0.0,0.0,0.0,0.0,3.0,1.0,0.0,0.0,0.0,0.0,0.0,0.0,0.0,0.0,0.0,0.0,0.0,0.0,0.0,531.0
NORFOLK,0.0,0.0,0.0,7.0,0.0,10.0,9.0,5.0,15.0,0.0,5.0,2.0,8.0,2.0,1.0,2.0,2.0,3.0,0.0,0.0,2.0,0.0,0.0,0.0,0.0,1.0,23.0,1.0,0.0,0.0,0.0,0.0,0.0,0.0,0.0,0.0,0.0,0.0,0.0,0.0,0.0,0.0,0.0,0.0,0.0,0.0,0.0,0.0,0.0,0.0,98.0
ROCKLAND,0.0,0.0,0.0,1.0,0.0,0.0,0.0,0.0,0.0,0.0,0.0,0.0,0.0,0.0,0.0,0.0,0.0,0.0,0.0,0.0,0.0,0.0,0.0,0.0,0.0,0.0,0.0,0.0,0.0,0.0,0.0,0.0,0.0,0.0,0.0,0.0,0.0,0.0,0.0,0.0,0.0,0.0,0.0,0.0,0.0,0.0,0.0,0.0,0.0,0.0,1.0
CLINTON,0.0,0.0,0.0,2.0,0.0,1.0,11.0,1.0,3.0,1.0,0.0,6.0,3.0,12.0,0.0,0.0,2.0,1.0,1.0,0.0,3.0,0.0,0.0,0.0,2.0,2.0,0.0,0.0,0.0,0.0,0.0,0.0,0.0,0.0,0.0,0.0,0.0,0.0,0.0,0.0,0.0,0.0,0.0,0.0,0.0,0.0,0.0,0.0,0.0,0.0,51.0
NEW BRAINTREE,0.0,0.0,0.0,1.0,0.0,0.0,0.0,0.0,2.0,0.0,0.0,1.0,5.0,0.0,1.0,1.0,0.0,0.0,0.0,0.0,2.0,0.0,0.0,0.0,0.0,0.0,0.0,0.0,0.0,0.0,0.0,0.0,0.0,0.0,0.0,0.0,0.0,0.0,0.0,0.0,0.0,0.0,0.0,0.0,0.0,0.0,0.0,0.0,0.0,0.0,13.0
OAKHAM,0.0,0.0,0.0,4.0,0.0,3.0,3.0,3.0,1.0,1.0,0.0,2.0,4.0,0.0,1.0,1.0,1.0,0.0,0.0,1.0,1.0,0.0,0.0,0.0,1.0,0.0,1.0,0.0,0.0,0.0,0.0,0.0,0.0,0.0,0.0,0.0,0.0,0.0,0.0,0.0,0.0,0.0,0.0,0.0,0.0,0.0,0.0,0.0,0.0,0.0,28.0
ROYALSTON,0.0,0.0,0.0,1.0,0.0,0.0,0.0,0.0,0.0,0.0,0.0,2.0,0.0,0.0,0.0,0.0,1.0,1.0,1.0,0.0,1.0,0.0,0.0,0.0,0.0,0.0,0.0,0.0,0.0,0.0,0.0,0.0,0.0,0.0,0.0,0.0,0.0,0.0,0.0,0.0,0.0,0.0,0.0,0.0,0.0,0.0,0.0,0.0,0.0,0.0,7.0
SHREWSBURY,0.0,0.0,0.0,43.0,1.0,20.0,46.0,10.0,27.0,1.0,0.0,2.0,9.0,20.0,0.0,10.0,1.0,11.0,1.0,0.0,9.0,0.0,0.0,2.0,1.0,2.0,41.0,1.0,0.0,0.0,0.0,0.0,1.0,0.0,0.0,1.0,0.0,1.0,0.0,0.0,0.0,0.0,0.0,0.0,0.0,0.0,0.0,0.0,0.0,0.0,261.0
NORTHBOROUGH,0.0,0.0,0.0,0.0,1.0,12.0,22.0,5.0,14.0,0.0,0.0,0.0,7.0,55.0,1.0,3.0,0.0,0.0,0.0,0.0,37.0,0.0,0.0,0.0,0.0,0.0,0.0,0.0,0.0,0.0,0.0,0.0,0.0,0.0,0.0,0.0,0.0,0.0,0.0,0.0,1.0,4.0,0.0,0.0,0.0,0.0,0.0,0.0,0.0,0.0,162.0
READING,0.0,0.0,0.0,0.0,0.0,17.0,22.0,24.0,47.0,14.0,0.0,2.0,25.0,10.0,1.0,9.0,0.0,32.0,0.0,0.0,53.0,0.0,0.0,6.0,2.0,16.0,0.0,0.0,0.0,0.0,0.0,0.0,1.0,0.0,1.0,37.0,2.0,0.0,0.0,0.0,0.0,0.0,0.0,0.0,0.0,0.0,0.0,3.0,0.0,0.0,324.0
WAYLAND,0.0,0.0,0.0,0.0,0.0,1.0,0.0,0.0,1.0,0.0,0.0,1.0,0.0,0.0,0.0,0.0,0.0,0.0,1.0,0.0,0.0,0.0,0.0,0.0,0.0,0.0,0.0,0.0,0.0,0.0,0.0,0.0,0.0,0.0,0.0,0.0,0.0,0.0,0.0,0.0,0.0,0.0,0.0,0.0,0.0,0.0,0.0,0.0,0.0,0.0,4.0
LEVERETT,0.0,0.0,0.0,0.0,0.0,0.0,0.0,0.0,0.0,0.0,0.0,0.0,1.0,0.0,0.0,0.0,0.0,0.0,0.0,0.0,0.0,0.0,0.0,0.0,0.0,0.0,0.0,0.0,0.0,0.0,0.0,0.0,0.0,0.0,0.0,0.0,0.0,0.0,0.0,0.0,0.0,0.0,0.0,0.0,0.0,0.0,0.0,0.0,0.0,0.0,1.0
RICHMOND,,,,,,,,,,,,,,,,,,,,,,,,,,,,,,,,,,,,,,,,,,,,,,,,,,,
GOSNOLD,,,,,,,,,,,,,,,,,,,,,,,,,,,,,,,,,,,,,,,,,,,,,,,,,,,
TOLLAND,,,,,,,,,,,,,,,,,,,,,,,,,,,,,,,,,,,,,,,,,,,,,,,,,,,
MEDFIELD,,,,,,,,,,,,,,,,,,,,,,,,,,,,,,,,,,,,,,,,,,,,,,,,,,,
RUSSELL,,,,,,,,,,,,,,,,,,,,,,,,,,,,,,,,,,,,,,,,,,,,,,,,,,,
BRIMFIELD,,,,,,,,,,,,,,,,,,,,,,,,,,,,,,,,,,,,,,,,,,,,,,,,,,,
ROWE,,,,,,,,,,,,,,,,,,,,,,,,,,,,,,,,,,,,,,,,,,,,,,,,,,,
HUBBARDSTON,,,,,,,,,,,,,,,,,,,,,,,,,,,,,,,,,,,,,,,,,,,,,,,,,,,
ESSEX,,,,,,,,,,,,,,,,,,,,,,,,,,,,,,,,,,,,,,,,,,,,,,,,,,,
BOSTON,,,,,,,,,,,,,,,,,,,,,,,,,,,,,,,,,,,,,,,,,,,,,,,,,,,
HEATH,,,,,,,,,,,,,,,,,,,,,,,,,,,,,,,,,,,,,,,,,,,,,,,,,,,
HUNTINGTON,,,,,,,,,,,,,,,,,,,,,,,,,,,,,,,,,,,,,,,,,,,,,,,,,,,
WORTHINGTON,,,,,,,,,,,,,,,,,,,,,,,,,,,,,,,,,,,,,,,,,,,,,,,,,,,
LEYDEN,,,,,,,,,,,,,,,,,,,,,,,,,,,,,,,,,,,,,,,,,,,,,,,,,,,
WEST BROOKFIELD,,,,,,,,,,,,,,,,,,,,,,,,,,,,,,,,,,,,,,,,,,,,,,,,,,,
MIDDLEFIELD,,,,,,,,,,,,,,,,,,,,,,,,,,,,,,,,,,,,,,,,,,,,,,,,,,,
HANCOCK,,,,,,,,,,,,,,,,,,,,,,,,,,,,,,,,,,,,,,,,,,,,,,,,,,,
LAWRENCE,,,,,,,,,,,,,,,,,,,,,,,,,,,,,,,,,,,,,,,,,,,,,,,,,,,
DIGHTON,,,,,,,,,,,,,,,,,,,,,,,,,,,,,,,,,,,,,,,,,,,,,,,,,,,
SAVOY,,,,,,,,,,,,,,,,,,,,,,,,,,,,,,,,,,,,,,,,,,,,,,,,,,,
SANDISFIELD,,,,,,,,,,,,,,,,,,,,,,,,,,,,,,,,,,,,,,,,,,,,,,,,,,,
PERU,,,,,,,,,,,,,,,,,,,,,,,,,,,,,,,,,,,,,,,,,,,,,,,,,,,
HINSDALE,,,,,,,,,,,,,,,,,,,,,,,,,,,,,,,,,,,,,,,,,,,,,,,,,,,
SHUTESBURY,,,,,,,,,,,,,,,,,,,,,,,,,,,,,,,,,,,,,,,,,,,,,,,,,,,
WENDELL,,,,,,,,,,,,,,,,,,,,,,,,,,,,,,,,,,,,,,,,,,,,,,,,,,,
NEW ASHFORD,,,,,,,,,,,,,,,,,,,,,,,,,,,,,,,,,,,,,,,,,,,,,,,,,,,
TYRINGHAM,,,,,,,,,,,,,,,,,,,,,,,,,,,,,,,,,,,,,,,,,,,,,,,,,,,
ALFORD,,,,,,,,,,,,,,,,,,,,,,,,,,,,,,,,,,,,,,,,,,,,,,,,,,,
SHEFFIELD,,,,,,,,,,,,,,,,,,,,,,,,,,,,,,,,,,,,,,,,,,,,,,,,,,,
BUCKLAND,,,,,,,,,,,,,,,,,,,,,,,,,,,,,,,,,,,,,,,,,,,,,,,,,,,
CONWAY,,,,,,,,,,,,,,,,,,,,,,,,,,,,,,,,,,,,,,,,,,,,,,,,,,,
FLORIDA,,,,,,,,,,,,,,,,,,,,,,,,,,,,,,,,,,,,,,,,,,,,,,,,,,,
AVON,,,,,,,,,,,,,,,,,,,,,,,,,,,,,,,,,,,,,,,,,,,,,,,,,,,
GRANVILLE,,,,,,,,,,,,,,,,,,,,,,,,,,,,,,,,,,,,,,,,,,,,,,,,,,,
MILLIS,,,,,,,,,,,,,,,,,,,,,,,,,,,,,,,,,,,,,,,,,,,,,,,,,,,
NEW SALEM,,,,,,,,,,,,,,,,,,,,,,,,,,,,,,,,,,,,,,,,,,,,,,,,,,,
WINDSOR,,,,,,,,,,,,,,,,,,,,,,,,,,,,,,,,,,,,,,,,,,,,,,,,,,,
LANESBOROUGH,,,,,,,,,,,,,,,,,,,,,,,,,,,,,,,,,,,,,,,,,,,,,,,,,,,
WASHINGTON,,,,,,,,,,,,,,,,,,,,,,,,,,,,,,,,,,,,,,,,,,,,,,,,,,,
BECKET,,,,,,,,,,,,,,,,,,,,,,,,,,,,,,,,,,,,,,,,,,,,,,,,,,,
BLANDFORD,,,,,,,,,,,,,,,,,,,,,,,,,,,,,,,,,,,,,,,,,,,,,,,,,,,
CHARLEMONT,,,,,,,,,,,,,,,,,,,,,,,,,,,,,,,,,,,,,,,,,,,,,,,,,,,
ASHBY,,,,,,,,,,,,,,,,,,,,,,,,,,,,,,,,,,,,,,,,,,,,,,,,,,,
OTIS,,,,,,,,,,,,,,,,,,,,,,,,,,,,,,,,,,,,,,,,,,,,,,,,,,,
BROOKFIELD,,,,,,,,,,,,,,,,,,,,,,,,,,,,,,,,,,,,,,,,,,,,,,,,,,,
CUMMINGTON,,,,,,,,,,,,,,,,,,,,,,,,,,,,,,,,,,,,,,,,,,,,,,,,,,,
MOUNT WASHINGTON,,,,,,,,,,,,,,,,,,,,,,,,,,,,,,,,,,,,,,,,,,,,,,,,,,,
COLRAIN,,,,,,,,,,,,,,,,,,,,,,,,,,,,,,,,,,,,,,,,,,,,,,,,,,,
CHESTER,,,,,,,,,,,,,,,,,,,,,,,,,,,,,,,,,,,,,,,,,,,,,,,,,,,
CHESTERFIELD,,,,,,,,,,,,,,,,,,,,,,,,,,,,,,,,,,,,,,,,,,,,,,,,,,,
CLARKSBURG,,,,,,,,,,,,,,,,,,,,,,,,,,,,,,,,,,,,,,,,,,,,,,,,,,,
HAWLEY,,,,,,,,,,,,,,,,,,,,,,,,,,,,,,,,,,,,,,,,,,,,,,,,,,,
ASHFIELD,,,,,,,,,,,,,,,,,,,,,,,,,,,,,,,,,,,,,,,,,,,,,,,,,,,
PLAINFIELD,,,,,,,,,,,,,,,,,,,,,,,,,,,,,,,,,,,,,,,,,,,,,,,,,,,
WARWICK,,,,,,,,,,,,,,,,,,,,,,,,,,,,,,,,,,,,,,,,,,,,,,,,,,,
MONTEREY,,,,,,,,,,,,,,,,,,,,,,,,,,,,,,,,,,,,,,,,,,,,,,,,,,,
NORTH BROOKFIELD,,,,,,,,,,,,,,,,,,,,,,,,,,,,,,,,,,,,,,,,,,,,,,,,,,,
WEST STOCKBRIDGE,,,,,,,,,,,,,,,,,,,,,,,,,,,,,,,,,,,,,,,,,,,,,,,,,,,
WESTHAMPTON,,,,,,,,,,,,,,,,,,,,,,,,,,,,,,,,,,,,,,,,,,,,,,,,,,,
MONROE,,,,,,,,,,,,,,,,,,,,,,,,,,,,,,,,,,,,,,,,,,,,,,,,,,,
NEW MARLBOROUGH,,,,,,,,,,,,,,,,,,,,,,,,,,,,,,,,,,,,,,,,,,,,,,,,,,,
PHILLIPSTON,,,,,,,,,,,,,,,,,,,,,,,,,,,,,,,,,,,,,,,,,,,,,,,,,,,
MONTGOMERY,,,,,,,,,,,,,,,,,,,,,,,,,,,,,,,,,,,,,,,,,,,,,,,,,,,
PETERSHAM,,,,,,,,,,,,,,,,,,,,,,,,,,,,,,,,,,,,,,,,,,,,,,,,,,,
ORANGE,,,,,,,,,,,,,,,,,,,,,,,,,,,,,,,,,,,,,,,,,,,,,,,,,,,
EGREMONT,,,,,,,,,,,,,,,,,,,,,,,,,,,,,,,,,,,,,,,,,,,,,,,,,,,
